Business Name,Contact Name,Phone,Email,Website,City,State,Zip,Lead Score,Category,Monthly Retainer Value,Rating,Review Count,Has Email,Urgency,Flags,Pain Points / Notes,Source URL
Best Home Savings,,,,,San Antonio,TX,,95,Plumbing,"$3,500",0.0,0,No,HIGH,No website; Almost no reviews; No ads detected; Weak SEO signals; High urgency niche; High retainer potential ($3k+/mo),"PAIN: Best Home Savings has no working website — losing every lead searching online; has almost no online reviews — invisible to new customers; is running zero paid ads — competitors are capturing all the paid traffic. | OPPORTUNITY: Plumbing in San Antonio with estimated retainer value of $3,500/mo. High competition niche where digital presence = phone calls. | PITCH: Lead with website build + SEO package. Show them competitors who rank #1 and ask how many calls they think that generates.",https://www.google.com/maps/search/Best+Home+Savings+San+Antonio+TX
San Antonio Plumbing Co,,,,,San Antonio,TX,,95,Plumbing,"$3,500",0.0,0,No,HIGH,No website; Almost no reviews; No ads detected; Weak SEO signals; High urgency niche; High retainer potential ($3k+/mo),"PAIN: San Antonio Plumbing Co has no working website — losing every lead searching online; has almost no online reviews — invisible to new customers; is running zero paid ads — competitors are capturing all the paid traffic. | OPPORTUNITY: Plumbing in San Antonio with estimated retainer value of $3,500/mo. High competition niche where digital presence = phone calls. | PITCH: Lead with website build + SEO package. Show them competitors who rank #1 and ask how many calls they think that generates.",https://www.google.com/maps/search/San+Antonio+Plumbing+Co+San+Antonio+TX
Will Fix It,,,,,San Antonio,TX,,95,Plumbing,"$3,500",0.0,0,No,HIGH,No website; Almost no reviews; No ads detected; Weak SEO signals; High urgency niche; High retainer potential ($3k+/mo),"PAIN: Will Fix It has no working website — losing every lead searching online; has almost no online reviews — invisible to new customers; is running zero paid ads — competitors are capturing all the paid traffic. | OPPORTUNITY: Plumbing in San Antonio with estimated retainer value of $3,500/mo. High competition niche where digital presence = phone calls. | PITCH: Lead with website build + SEO package. Show them competitors who rank #1 and ask how many calls they think that generates.",https://www.google.com/maps/search/Will+Fix+It+San+Antonio+TX
Cor Plumbing,,,,,San Antonio,TX,,95,Plumbing,"$3,500",0.0,0,No,HIGH,No website; Almost no reviews; No ads detected; Weak SEO signals; High urgency niche; High retainer potential ($3k+/mo),"PAIN: Cor Plumbing has no working website — losing every lead searching online; has almost no online reviews — invisible to new customers; is running zero paid ads — competitors are capturing all the paid traffic. | OPPORTUNITY: Plumbing in San Antonio with estimated retainer value of $3,500/mo. High competition niche where digital presence = phone calls. | PITCH: Lead with website build + SEO package. Show them competitors who rank #1 and ask how many calls they think that generates.",https://www.google.com/maps/search/Cor+Plumbing+San+Antonio+TX
Royal Flush Sewer & Plumbing,,,,,San Antonio,TX,,95,Plumbing,"$3,500",0.0,0,No,HIGH,No website; Almost no reviews; No ads detected; Weak SEO signals; High urgency niche; High retainer potential ($3k+/mo),"PAIN: Royal Flush Sewer & Plumbing has no working website — losing every lead searching online; has almost no online reviews — invisible to new customers; is running zero paid ads — competitors are capturing all the paid traffic. | OPPORTUNITY: Plumbing in San Antonio with estimated retainer value of $3,500/mo. High competition niche where digital presence = phone calls. | PITCH: Lead with website build + SEO package. Show them competitors who rank #1 and ask how many calls they think that generates.",https://www.google.com/maps/search/Royal+Flush+Sewer+%26+Plumbing+San+Antonio+TX
Will Fix It,,(833) 947-9225,,,"San Antonio, TX 78247",TX,,95,Plumbing,"$3,500",0.0,1,No,HIGH,No website; Almost no reviews; No ads detected; Weak SEO signals; High urgency niche; High retainer potential ($3k+/mo),"PAIN: Will Fix It has no working website — losing every lead searching online; has almost no online reviews — invisible to new customers; is running zero paid ads — competitors are capturing all the paid traffic. | OPPORTUNITY: Plumbing in San Antonio with estimated retainer value of $3,500/mo. High competition niche where digital presence = phone calls. | PITCH: Lead with website build + SEO package. Show them competitors who rank #1 and ask how many calls they think that generates.",https://www.google.com/maps/search/Will+Fix+It+San+Antonio+TX
Best Home Savings,,(855) 566-6978,,,San Antonio,TX,,95,Plumbing,"$3,500",0.0,0,No,HIGH,No website; Almost no reviews; No ads detected; Weak SEO signals; High urgency niche; High retainer potential ($3k+/mo),"PAIN: Best Home Savings has no working website — losing every lead searching online; has almost no online reviews — invisible to new customers; is running zero paid ads — competitors are capturing all the paid traffic. | OPPORTUNITY: Plumbing in San Antonio with estimated retainer value of $3,500/mo. High competition niche where digital presence = phone calls. | PITCH: Lead with website build + SEO package. Show them competitors who rank #1 and ask how many calls they think that generates.",https://www.google.com/maps/search/Best+Home+Savings+San+Antonio+TX
Compare HVAC Experts,,,,,San Antonio,TX,,95,HVAC,"$3,500",0.0,0,No,HIGH,No website; Almost no reviews; No ads detected; Weak SEO signals; High urgency niche; High retainer potential ($3k+/mo),"PAIN: Compare HVAC Experts has no working website — losing every lead searching online; has almost no online reviews — invisible to new customers; is running zero paid ads — competitors are capturing all the paid traffic. | OPPORTUNITY: HVAC in San Antonio with estimated retainer value of $3,500/mo. High competition niche where digital presence = phone calls. | PITCH: Lead with website build + SEO package. Show them competitors who rank #1 and ask how many calls they think that generates.",https://www.google.com/maps/search/Compare+HVAC+Experts+San+Antonio+TX
Best Home Savings,,(855) 566-5921,,,San Antonio,TX,,95,HVAC,"$3,500",0.0,0,No,HIGH,No website; Almost no reviews; No ads detected; Weak SEO signals; High urgency niche; High retainer potential ($3k+/mo),"PAIN: Best Home Savings has no working website — losing every lead searching online; has almost no online reviews — invisible to new customers; is running zero paid ads — competitors are capturing all the paid traffic. | OPPORTUNITY: HVAC in San Antonio with estimated retainer value of $3,500/mo. High competition niche where digital presence = phone calls. | PITCH: Lead with website build + SEO package. Show them competitors who rank #1 and ask how many calls they think that generates.",https://www.google.com/maps/search/Best+Home+Savings+San+Antonio+TX
Compare HVAC Experts,,(855) 403-2011,,,San Antonio,TX,,95,HVAC,"$3,500",0.0,0,No,HIGH,No website; Almost no reviews; No ads detected; Weak SEO signals; High urgency niche; High retainer potential ($3k+/mo),"PAIN: Compare HVAC Experts has no working website — losing every lead searching online; has almost no online reviews — invisible to new customers; is running zero paid ads — competitors are capturing all the paid traffic. | OPPORTUNITY: HVAC in San Antonio with estimated retainer value of $3,500/mo. High competition niche where digital presence = phone calls. | PITCH: Lead with website build + SEO package. Show them competitors who rank #1 and ask how many calls they think that generates.",https://www.google.com/maps/search/Compare+HVAC+Experts+San+Antonio+TX
HomeRepairly Roofing,,,,,San Antonio,TX,,95,Roofing,"$4,000",0.0,0,No,HIGH,No website; Almost no reviews; No ads detected; Weak SEO signals; High urgency niche; High retainer potential ($3k+/mo),"PAIN: HomeRepairly Roofing has no working website — losing every lead searching online; has almost no online reviews — invisible to new customers; is running zero paid ads — competitors are capturing all the paid traffic. | OPPORTUNITY: Roofing in San Antonio with estimated retainer value of $4,000/mo. High competition niche where digital presence = phone calls. | PITCH: Lead with website build + SEO package. Show them competitors who rank #1 and ask how many calls they think that generates.",https://www.google.com/maps/search/HomeRepairly+Roofing+San+Antonio+TX
Compare Roofing Experts,,,,,San Antonio,TX,,95,Roofing,"$4,000",0.0,0,No,HIGH,No website; Almost no reviews; No ads detected; Weak SEO signals; High urgency niche; High retainer potential ($3k+/mo),"PAIN: Compare Roofing Experts has no working website — losing every lead searching online; has almost no online reviews — invisible to new customers; is running zero paid ads — competitors are capturing all the paid traffic. | OPPORTUNITY: Roofing in San Antonio with estimated retainer value of $4,000/mo. High competition niche where digital presence = phone calls. | PITCH: Lead with website build + SEO package. Show them competitors who rank #1 and ask how many calls they think that generates.",https://www.google.com/maps/search/Compare+Roofing+Experts+San+Antonio+TX
Iron Clad Metal Roof Systems Plus LLC,,,,,San Antonio,TX,,95,Roofing,"$4,000",0.0,0,No,HIGH,No website; Almost no reviews; No ads detected; Weak SEO signals; High urgency niche; High retainer potential ($3k+/mo),"PAIN: Iron Clad Metal Roof Systems Plus LLC has no working website — losing every lead searching online; has almost no online reviews — invisible to new customers; is running zero paid ads — competitors are capturing all the paid traffic. | OPPORTUNITY: Roofing in San Antonio with estimated retainer value of $4,000/mo. High competition niche where digital presence = phone calls. | PITCH: Lead with website build + SEO package. Show them competitors who rank #1 and ask how many calls they think that generates.",https://www.google.com/maps/search/Iron+Clad+Metal+Roof+Systems+Plus+LLC+San+Antonio+TX
IHC Roofing & Remodeling,,,,,San Antonio,TX,,95,Roofing,"$4,000",0.0,0,No,HIGH,No website; Almost no reviews; No ads detected; Weak SEO signals; High urgency niche; High retainer potential ($3k+/mo),"PAIN: IHC Roofing & Remodeling has no working website — losing every lead searching online; has almost no online reviews — invisible to new customers; is running zero paid ads — competitors are capturing all the paid traffic. | OPPORTUNITY: Roofing in San Antonio with estimated retainer value of $4,000/mo. High competition niche where digital presence = phone calls. | PITCH: Lead with website build + SEO package. Show them competitors who rank #1 and ask how many calls they think that generates.",https://www.google.com/maps/search/IHC+Roofing+%26+Remodeling+San+Antonio+TX
Accu-Rite Roofing and Construction Services,,,,,San Antonio,TX,,95,Roofing,"$4,000",0.0,1,No,HIGH,No website; Almost no reviews; No ads detected; Weak SEO signals; High urgency niche; High retainer potential ($3k+/mo),"PAIN: Accu-Rite Roofing and Construction Services has no working website — losing every lead searching online; has almost no online reviews — invisible to new customers; is running zero paid ads — competitors are capturing all the paid traffic. | OPPORTUNITY: Roofing in San Antonio with estimated retainer value of $4,000/mo. High competition niche where digital presence = phone calls. | PITCH: Lead with website build + SEO package. Show them competitors who rank #1 and ask how many calls they think that generates.",https://www.google.com/maps/search/Accu-Rite+Roofing+and+Construction+Services+San+Antonio+TX
Compare Roofing Experts,,(888) 906-8599,,,San Antonio,TX,,95,Roofing,"$4,000",0.0,1,No,HIGH,No website; Almost no reviews; No ads detected; Weak SEO signals; High urgency niche; High retainer potential ($3k+/mo),"PAIN: Compare Roofing Experts has no working website — losing every lead searching online; has almost no online reviews — invisible to new customers; is running zero paid ads — competitors are capturing all the paid traffic. | OPPORTUNITY: Roofing in San Antonio with estimated retainer value of $4,000/mo. High competition niche where digital presence = phone calls. | PITCH: Lead with website build + SEO package. Show them competitors who rank #1 and ask how many calls they think that generates.",https://www.google.com/maps/search/Compare+Roofing+Experts+San+Antonio+TX
Davila Electric,,,,,San Antonio,TX,,95,Electrician,"$3,000",0.0,4,No,HIGH,No website; Almost no reviews; No ads detected; Weak SEO signals; High urgency niche; High retainer potential ($3k+/mo),"PAIN: Davila Electric has no working website — losing every lead searching online; has almost no online reviews — invisible to new customers; is running zero paid ads — competitors are capturing all the paid traffic. | OPPORTUNITY: Electrician in San Antonio with estimated retainer value of $3,000/mo. High competition niche where digital presence = phone calls. | PITCH: Lead with website build + SEO package. Show them competitors who rank #1 and ask how many calls they think that generates.",https://www.google.com/maps/search/Davila+Electric+San+Antonio+TX
Arrow Key Service,,,,,San Antonio,TX,,95,Electrician,"$3,000",0.0,1,No,HIGH,No website; Almost no reviews; No ads detected; Weak SEO signals; High urgency niche; High retainer potential ($3k+/mo),"PAIN: Arrow Key Service has no working website — losing every lead searching online; has almost no online reviews — invisible to new customers; is running zero paid ads — competitors are capturing all the paid traffic. | OPPORTUNITY: Electrician in San Antonio with estimated retainer value of $3,000/mo. High competition niche where digital presence = phone calls. | PITCH: Lead with website build + SEO package. Show them competitors who rank #1 and ask how many calls they think that generates.",https://www.google.com/maps/search/Arrow+Key+Service+San+Antonio+TX
SERVPRO of Braun Station,,,,,San Antonio,TX,,95,Restoration,"$4,500",0.0,1,No,HIGH,No website; Almost no reviews; No ads detected; Weak SEO signals; High urgency niche; High retainer potential ($3k+/mo),"PAIN: SERVPRO of Braun Station has no working website — losing every lead searching online; has almost no online reviews — invisible to new customers; is running zero paid ads — competitors are capturing all the paid traffic. | OPPORTUNITY: Restoration in San Antonio with estimated retainer value of $4,500/mo. High competition niche where digital presence = phone calls. | PITCH: Lead with website build + SEO package. Show them competitors who rank #1 and ask how many calls they think that generates.",https://www.google.com/maps/search/SERVPRO+of+Braun+Station+San+Antonio+TX
Law Offices of Janice Maloney,,,,,San Antonio,TX,,95,Law Firm,"$5,000",0.0,1,No,HIGH,No website; Almost no reviews; No ads detected; Weak SEO signals; High urgency niche; High retainer potential ($3k+/mo),"PAIN: Law Offices of Janice Maloney has no working website — losing every lead searching online; has almost no online reviews — invisible to new customers; is running zero paid ads — competitors are capturing all the paid traffic. | OPPORTUNITY: Law Firm in San Antonio with estimated retainer value of $5,000/mo. High competition niche where digital presence = phone calls. | PITCH: Lead with website build + SEO package. Show them competitors who rank #1 and ask how many calls they think that generates.",https://www.google.com/maps/search/Law+Offices+of+Janice+Maloney+San+Antonio+TX
Law Office of Dinorah Diaz,,,,,San Antonio,TX,,95,Law Firm,"$5,000",0.0,0,No,HIGH,No website; Almost no reviews; No ads detected; Weak SEO signals; High urgency niche; High retainer potential ($3k+/mo),"PAIN: Law Office of Dinorah Diaz has no working website — losing every lead searching online; has almost no online reviews — invisible to new customers; is running zero paid ads — competitors are capturing all the paid traffic. | OPPORTUNITY: Law Firm in San Antonio with estimated retainer value of $5,000/mo. High competition niche where digital presence = phone calls. | PITCH: Lead with website build + SEO package. Show them competitors who rank #1 and ask how many calls they think that generates.",https://www.google.com/maps/search/Law+Office+of+Dinorah+Diaz+San+Antonio+TX
Law Office of George P Escobedo,,,,,San Antonio,TX,,95,Law Firm,"$5,000",0.0,0,No,HIGH,No website; Almost no reviews; No ads detected; Weak SEO signals; High urgency niche; High retainer potential ($3k+/mo),"PAIN: Law Office of George P Escobedo has no working website — losing every lead searching online; has almost no online reviews — invisible to new customers; is running zero paid ads — competitors are capturing all the paid traffic. | OPPORTUNITY: Law Firm in San Antonio with estimated retainer value of $5,000/mo. High competition niche where digital presence = phone calls. | PITCH: Lead with website build + SEO package. Show them competitors who rank #1 and ask how many calls they think that generates.",https://www.google.com/maps/search/Law+Office+of+George+P+Escobedo+San+Antonio+TX
Law Office of Christopher A. Crawford,,,,,San Antonio,TX,,95,Law Firm,"$3,500",0.0,0,No,HIGH,No website; Almost no reviews; No ads detected; Weak SEO signals; High urgency niche; High retainer potential ($3k+/mo),"PAIN: Law Office of Christopher A. Crawford has no working website — losing every lead searching online; has almost no online reviews — invisible to new customers; is running zero paid ads — competitors are capturing all the paid traffic. | OPPORTUNITY: Law Firm in San Antonio with estimated retainer value of $3,500/mo. High competition niche where digital presence = phone calls. | PITCH: Lead with website build + SEO package. Show them competitors who rank #1 and ask how many calls they think that generates.",https://www.google.com/maps/search/Law+Office+of+Christopher+A.+Crawford+San+Antonio+TX
Axpress Towing,,,,,San Antonio,TX,,95,Towing,"$2,000",0.0,0,No,HIGH,No website; Almost no reviews; No ads detected; Weak SEO signals; High urgency niche; Solid retainer potential ($2k+/mo),"PAIN: Axpress Towing has no working website — losing every lead searching online; has almost no online reviews — invisible to new customers; is running zero paid ads — competitors are capturing all the paid traffic. | OPPORTUNITY: Towing in San Antonio with estimated retainer value of $2,000/mo. High competition niche where digital presence = phone calls. | PITCH: Lead with website build + SEO package. Show them competitors who rank #1 and ask how many calls they think that generates.",https://www.google.com/maps/search/Axpress+Towing+San+Antonio+TX
Garcia's Towing,,,,,San Antonio,TX,,95,Towing,"$2,000",0.0,4,No,HIGH,No website; Almost no reviews; No ads detected; Weak SEO signals; High urgency niche; Solid retainer potential ($2k+/mo),"PAIN: Garcia's Towing has no working website — losing every lead searching online; has almost no online reviews — invisible to new customers; is running zero paid ads — competitors are capturing all the paid traffic. | OPPORTUNITY: Towing in San Antonio with estimated retainer value of $2,000/mo. High competition niche where digital presence = phone calls. | PITCH: Lead with website build + SEO package. Show them competitors who rank #1 and ask how many calls they think that generates.",https://www.google.com/maps/search/Garcia%27s+Towing+San+Antonio+TX
81 Towing Inc,,(210) 305-7260,,,"San Antonio, TX 78228",TX,,95,Towing,"$2,000",0.0,1,No,HIGH,No website; Almost no reviews; No ads detected; Weak SEO signals; High urgency niche; Solid retainer potential ($2k+/mo),"PAIN: 81 Towing Inc has no working website — losing every lead searching online; has almost no online reviews — invisible to new customers; is running zero paid ads — competitors are capturing all the paid traffic. | OPPORTUNITY: Towing in San Antonio with estimated retainer value of $2,000/mo. High competition niche where digital presence = phone calls. | PITCH: Lead with website build + SEO package. Show them competitors who rank #1 and ask how many calls they think that generates.",https://www.google.com/maps/search/81+Towing+Inc+San+Antonio+TX
Efron & Efron Attorneys At Law,,(210) 492-1884,,http://www.efron-efron.com,"San Antonio, TX 78216",TX,,93,Law Firm,"$3,500",0.0,1,No,HIGH,Not mobile-friendly; No tracking pixels; Poor SEO on-page; No contact form; Almost no reviews; No ads detected; Weak SEO signals; High urgency niche; High retainer potential ($3k+/mo),"PAIN: Efron & Efron Attorneys At Law has almost no online reviews — invisible to new customers; is running zero paid ads — competitors are capturing all the paid traffic; has no Analytics or Meta Pixel — can't measure or retarget. | OPPORTUNITY: Law Firm in San Antonio with estimated retainer value of $3,500/mo. High competition niche where digital presence = phone calls. | PITCH: Lead with paid ads audit. Show them competitors running ads and estimate what they're spending. Offer to run a pilot campaign.",https://www.google.com/maps/search/Efron+%26+Efron+Attorneys+At+Law+San+Antonio+TX
San Antonio Plumbing Co,,(210) 520-3333,,http://sanantonioplumbing.co,"Helotes, TX 78023",TX,,90,Plumbing,"$3,500",0.0,3,No,HIGH,Broken website; Almost no reviews; No ads detected; Weak SEO signals; High urgency niche; High retainer potential ($3k+/mo),"PAIN: San Antonio Plumbing Co has no working website — losing every lead searching online; has almost no online reviews — invisible to new customers; is running zero paid ads — competitors are capturing all the paid traffic. | OPPORTUNITY: Plumbing in San Antonio with estimated retainer value of $3,500/mo. High competition niche where digital presence = phone calls. | PITCH: Lead with paid ads audit. Show them competitors running ads and estimate what they're spending. Offer to run a pilot campaign.",https://www.google.com/maps/search/San+Antonio+Plumbing+Co+San+Antonio+TX
H&I Construction & Remodeling Inc.,,,,,San Antonio,TX,,90,Roofing,"$4,000",0.0,24,No,HIGH,No website; Low reviews; No ads detected; Weak SEO signals; High urgency niche; High retainer potential ($3k+/mo),"PAIN: H&I Construction & Remodeling Inc. has no working website — losing every lead searching online; has under 50 reviews — struggling to build trust online; is running zero paid ads — competitors are capturing all the paid traffic. | OPPORTUNITY: Roofing in San Antonio with estimated retainer value of $4,000/mo. High competition niche where digital presence = phone calls. | PITCH: Lead with website build + SEO package. Show them competitors who rank #1 and ask how many calls they think that generates.",https://www.google.com/maps/search/H%26I+Construction+%26+Remodeling+Inc.+San+Antonio+TX
ABC 1 Remodeling & Repairs,,(210) 534-0250,,,"San Antonio, TX 78210",TX,,90,Roofing,"$4,000",0.0,31,No,HIGH,No website; Low reviews; No ads detected; Weak SEO signals; High urgency niche; High retainer potential ($3k+/mo),"PAIN: ABC 1 Remodeling & Repairs has no working website — losing every lead searching online; has under 50 reviews — struggling to build trust online; is running zero paid ads — competitors are capturing all the paid traffic. | OPPORTUNITY: Roofing in San Antonio with estimated retainer value of $4,000/mo. High competition niche where digital presence = phone calls. | PITCH: Lead with website build + SEO package. Show them competitors who rank #1 and ask how many calls they think that generates.",https://www.google.com/maps/search/ABC+1+Remodeling+%26+Repairs+San+Antonio+TX
Mister Sparky of San Antonio,,,,,San Antonio,TX,,90,Electrician,"$3,000",0.0,19,No,HIGH,No website; Low reviews; No ads detected; Weak SEO signals; High urgency niche; High retainer potential ($3k+/mo),"PAIN: Mister Sparky of San Antonio has no working website — losing every lead searching online; has under 50 reviews — struggling to build trust online; is running zero paid ads — competitors are capturing all the paid traffic. | OPPORTUNITY: Electrician in San Antonio with estimated retainer value of $3,000/mo. High competition niche where digital presence = phone calls. | PITCH: Lead with website build + SEO package. Show them competitors who rank #1 and ask how many calls they think that generates.",https://www.google.com/maps/search/Mister+Sparky+of+San+Antonio+San+Antonio+TX
Mission City Electric Inc,,,,,San Antonio,TX,,90,Electrician,"$3,000",0.0,32,No,HIGH,No website; Low reviews; No ads detected; Weak SEO signals; High urgency niche; High retainer potential ($3k+/mo),"PAIN: Mission City Electric Inc has no working website — losing every lead searching online; has under 50 reviews — struggling to build trust online; is running zero paid ads — competitors are capturing all the paid traffic. | OPPORTUNITY: Electrician in San Antonio with estimated retainer value of $3,000/mo. High competition niche where digital presence = phone calls. | PITCH: Lead with website build + SEO package. Show them competitors who rank #1 and ask how many calls they think that generates.",https://www.google.com/maps/search/Mission+City+Electric+Inc+San+Antonio+TX
TotalCom Management Inc,,,,,San Antonio,TX,,90,Electrician,"$3,000",0.0,32,No,HIGH,No website; Low reviews; No ads detected; Weak SEO signals; High urgency niche; High retainer potential ($3k+/mo),"PAIN: TotalCom Management Inc has no working website — losing every lead searching online; has under 50 reviews — struggling to build trust online; is running zero paid ads — competitors are capturing all the paid traffic. | OPPORTUNITY: Electrician in San Antonio with estimated retainer value of $3,000/mo. High competition niche where digital presence = phone calls. | PITCH: Lead with website build + SEO package. Show them competitors who rank #1 and ask how many calls they think that generates.",https://www.google.com/maps/search/TotalCom+Management+Inc+San+Antonio+TX
National Home Improvement Inc.,,(210) 265-6663,,http://www.nationalhomeimprovementtexas.com,San Antonio,TX,,90,Electrician,"$3,000",0.0,6,No,HIGH,Broken website; Almost no reviews; No ads detected; Weak SEO signals; High urgency niche; High retainer potential ($3k+/mo),"PAIN: National Home Improvement Inc. has no working website — losing every lead searching online; has almost no online reviews — invisible to new customers; is running zero paid ads — competitors are capturing all the paid traffic. | OPPORTUNITY: Electrician in San Antonio with estimated retainer value of $3,000/mo. High competition niche where digital presence = phone calls. | PITCH: Lead with paid ads audit. Show them competitors running ads and estimate what they're spending. Offer to run a pilot campaign.",https://www.google.com/maps/search/National+Home+Improvement+Inc.+San+Antonio+TX
SERVPRO of East San Antonio,,,,,San Antonio,TX,,90,Restoration,"$4,500",0.0,12,No,HIGH,No website; Low reviews; No ads detected; Weak SEO signals; High urgency niche; High retainer potential ($3k+/mo),"PAIN: SERVPRO of East San Antonio has no working website — losing every lead searching online; has under 50 reviews — struggling to build trust online; is running zero paid ads — competitors are capturing all the paid traffic. | OPPORTUNITY: Restoration in San Antonio with estimated retainer value of $4,500/mo. High competition niche where digital presence = phone calls. | PITCH: Lead with website build + SEO package. Show them competitors who rank #1 and ask how many calls they think that generates.",https://www.google.com/maps/search/SERVPRO+of+East+San+Antonio+San+Antonio+TX
Primetime Restoration,,(210) 656-3469,customerservice@ptr247.com,http://www.ptr247.com,"Live Oak, TX 78233",TX,,90,Restoration,"$4,500",0.0,7,Yes,HIGH,Broken website; Almost no reviews; No ads detected; Weak SEO signals; High urgency niche; High retainer potential ($3k+/mo),"PAIN: Primetime Restoration has no working website — losing every lead searching online; has almost no online reviews — invisible to new customers; is running zero paid ads — competitors are capturing all the paid traffic. | OPPORTUNITY: Restoration in San Antonio with estimated retainer value of $4,500/mo. High competition niche where digital presence = phone calls. | PITCH: Lead with paid ads audit. Show them competitors running ads and estimate what they're spending. Offer to run a pilot campaign.",https://www.google.com/maps/search/Primetime+Restoration+San+Antonio+TX
Wayne Wright LLP Injury Lawyers,,,,,San Antonio,TX,,90,Law Firm,"$5,000",0.0,20,No,HIGH,No website; Low reviews; No ads detected; Weak SEO signals; High urgency niche; High retainer potential ($3k+/mo),"PAIN: Wayne Wright LLP Injury Lawyers has no working website — losing every lead searching online; has under 50 reviews — struggling to build trust online; is running zero paid ads — competitors are capturing all the paid traffic. | OPPORTUNITY: Law Firm in San Antonio with estimated retainer value of $5,000/mo. High competition niche where digital presence = phone calls. | PITCH: Lead with website build + SEO package. Show them competitors who rank #1 and ask how many calls they think that generates.",https://www.google.com/maps/search/Wayne+Wright+LLP+Injury+Lawyers+San+Antonio+TX
Rodriguez Trial Law,,,,,San Antonio,TX,,90,Law Firm,"$5,000",0.0,41,No,HIGH,No website; Low reviews; No ads detected; Weak SEO signals; High urgency niche; High retainer potential ($3k+/mo),"PAIN: Rodriguez Trial Law has no working website — losing every lead searching online; has under 50 reviews — struggling to build trust online; is running zero paid ads — competitors are capturing all the paid traffic. | OPPORTUNITY: Law Firm in San Antonio with estimated retainer value of $5,000/mo. High competition niche where digital presence = phone calls. | PITCH: Lead with website build + SEO package. Show them competitors who rank #1 and ask how many calls they think that generates.",https://www.google.com/maps/search/Rodriguez+Trial+Law+San+Antonio+TX
Brock And Brock,,,,,San Antonio,TX,,90,Law Firm,"$5,000",0.0,35,No,HIGH,No website; Low reviews; No ads detected; Weak SEO signals; High urgency niche; High retainer potential ($3k+/mo),"PAIN: Brock And Brock has no working website — losing every lead searching online; has under 50 reviews — struggling to build trust online; is running zero paid ads — competitors are capturing all the paid traffic. | OPPORTUNITY: Law Firm in San Antonio with estimated retainer value of $5,000/mo. High competition niche where digital presence = phone calls. | PITCH: Lead with website build + SEO package. Show them competitors who rank #1 and ask how many calls they think that generates.",https://www.google.com/maps/search/Brock+And+Brock+San+Antonio+TX
Paula Perez Law,,,,,San Antonio,TX,,90,Law Firm,"$5,000",0.0,10,No,HIGH,No website; Low reviews; No ads detected; Weak SEO signals; High urgency niche; High retainer potential ($3k+/mo),"PAIN: Paula Perez Law has no working website — losing every lead searching online; has under 50 reviews — struggling to build trust online; is running zero paid ads — competitors are capturing all the paid traffic. | OPPORTUNITY: Law Firm in San Antonio with estimated retainer value of $5,000/mo. High competition niche where digital presence = phone calls. | PITCH: Lead with website build + SEO package. Show them competitors who rank #1 and ask how many calls they think that generates.",https://www.google.com/maps/search/Paula+Perez+Law+San+Antonio+TX
Law Office of Ross Rodriguez,,,,,San Antonio,TX,,90,Law Firm,"$3,500",0.0,26,No,HIGH,No website; Low reviews; No ads detected; Weak SEO signals; High urgency niche; High retainer potential ($3k+/mo),"PAIN: Law Office of Ross Rodriguez has no working website — losing every lead searching online; has under 50 reviews — struggling to build trust online; is running zero paid ads — competitors are capturing all the paid traffic. | OPPORTUNITY: Law Firm in San Antonio with estimated retainer value of $3,500/mo. High competition niche where digital presence = phone calls. | PITCH: Lead with website build + SEO package. Show them competitors who rank #1 and ask how many calls they think that generates.",https://www.google.com/maps/search/Law+Office+of+Ross+Rodriguez+San+Antonio+TX
Law,,(210) 733-5555,,,"San Antonio, TX 78201",TX,,90,Law Firm,"$3,000",0.0,8,No,MED,No website; Almost no reviews; No ads detected; Weak SEO signals; High retainer potential ($3k+/mo),"PAIN: Law has no working website — losing every lead searching online; has almost no online reviews — invisible to new customers; is running zero paid ads — competitors are capturing all the paid traffic. | OPPORTUNITY: Law Firm in San Antonio with estimated retainer value of $3,000/mo. High competition niche where digital presence = phone calls. | PITCH: Lead with website build + SEO package. Show them competitors who rank #1 and ask how many calls they think that generates.",https://www.google.com/maps/search/Law+San+Antonio+TX
Richard F Ojeda Attorney,,(210) 224-7557,,,"San Antonio, TX 78205",TX,,90,Law Firm,"$3,000",0.0,0,No,MED,No website; Almost no reviews; No ads detected; Weak SEO signals; High retainer potential ($3k+/mo),"PAIN: Richard F Ojeda Attorney has no working website — losing every lead searching online; has almost no online reviews — invisible to new customers; is running zero paid ads — competitors are capturing all the paid traffic. | OPPORTUNITY: Law Firm in San Antonio with estimated retainer value of $3,000/mo. High competition niche where digital presence = phone calls. | PITCH: Lead with website build + SEO package. Show them competitors who rank #1 and ask how many calls they think that generates.",https://www.google.com/maps/search/Richard+F+Ojeda+Attorney+San+Antonio+TX
Aspen Dental,,,,,San Antonio,TX,,90,Dental,"$3,000",0.0,8,No,MED,No website; Almost no reviews; No ads detected; Weak SEO signals; High retainer potential ($3k+/mo),"PAIN: Aspen Dental has no working website — losing every lead searching online; has almost no online reviews — invisible to new customers; is running zero paid ads — competitors are capturing all the paid traffic. | OPPORTUNITY: Dental in San Antonio with estimated retainer value of $3,000/mo. High competition niche where digital presence = phone calls. | PITCH: Lead with website build + SEO package. Show them competitors who rank #1 and ask how many calls they think that generates.",https://www.google.com/maps/search/Aspen+Dental+San+Antonio+TX
Detailed Dental,,,,,San Antonio,TX,,90,Dental,"$3,000",0.0,7,No,MED,No website; Almost no reviews; No ads detected; Weak SEO signals; High retainer potential ($3k+/mo),"PAIN: Detailed Dental has no working website — losing every lead searching online; has almost no online reviews — invisible to new customers; is running zero paid ads — competitors are capturing all the paid traffic. | OPPORTUNITY: Dental in San Antonio with estimated retainer value of $3,000/mo. High competition niche where digital presence = phone calls. | PITCH: Lead with website build + SEO package. Show them competitors who rank #1 and ask how many calls they think that generates.",https://www.google.com/maps/search/Detailed+Dental+San+Antonio+TX
Toepperwein Dental,,,,,San Antonio,TX,,90,Dental,"$3,000",0.0,2,No,MED,No website; Almost no reviews; No ads detected; Weak SEO signals; High retainer potential ($3k+/mo),"PAIN: Toepperwein Dental has no working website — losing every lead searching online; has almost no online reviews — invisible to new customers; is running zero paid ads — competitors are capturing all the paid traffic. | OPPORTUNITY: Dental in San Antonio with estimated retainer value of $3,000/mo. High competition niche where digital presence = phone calls. | PITCH: Lead with website build + SEO package. Show them competitors who rank #1 and ask how many calls they think that generates.",https://www.google.com/maps/search/Toepperwein+Dental+San+Antonio+TX
Correct Connect Chiropractic,,,,,San Antonio,TX,,90,Chiro,"$2,500",0.0,2,No,MED,No website; Almost no reviews; No ads detected; Weak SEO signals; Solid retainer potential ($2k+/mo),"PAIN: Correct Connect Chiropractic has no working website — losing every lead searching online; has almost no online reviews — invisible to new customers; is running zero paid ads — competitors are capturing all the paid traffic. | OPPORTUNITY: Chiro in San Antonio with estimated retainer value of $2,500/mo. High competition niche where digital presence = phone calls. | PITCH: Lead with website build + SEO package. Show them competitors who rank #1 and ask how many calls they think that generates.",https://www.google.com/maps/search/Correct+Connect+Chiropractic+San+Antonio+TX
"Monsivais, Lisa, Dc - Advanced Holistic Life Centre",,(210) 922-5472,,,"San Antonio, TX 78224",TX,,90,Chiro,"$2,500",0.0,0,No,MED,No website; Almost no reviews; No ads detected; Weak SEO signals; Solid retainer potential ($2k+/mo),"PAIN: Monsivais, Lisa, Dc - Advanced Holistic Life Centre has no working website — losing every lead searching online; has almost no online reviews — invisible to new customers; is running zero paid ads — competitors are capturing all the paid traffic. | OPPORTUNITY: Chiro in San Antonio with estimated retainer value of $2,500/mo. High competition niche where digital presence = phone calls. | PITCH: Lead with website build + SEO package. Show them competitors who rank #1 and ask how many calls they think that generates.",https://www.google.com/maps/search/Monsivais%2C+Lisa%2C+Dc+-+Advanced+Holistic+Life+Centre+San+Antonio+TX
Elite Medical Center & Spa,,(210) 402-3548,,,"San Antonio, TX 78258",TX,,90,Med Spa,"$4,000",0.0,0,No,MED,No website; Almost no reviews; No ads detected; Weak SEO signals; High retainer potential ($3k+/mo),"PAIN: Elite Medical Center & Spa has no working website — losing every lead searching online; has almost no online reviews — invisible to new customers; is running zero paid ads — competitors are capturing all the paid traffic. | OPPORTUNITY: Med Spa in San Antonio with estimated retainer value of $4,000/mo. High competition niche where digital presence = phone calls. | PITCH: Lead with website build + SEO package. Show them competitors who rank #1 and ask how many calls they think that generates.",https://www.google.com/maps/search/Elite+Medical+Center+%26+Spa+San+Antonio+TX
The Float Capsule,,(210) 701-8484,,,"San Antonio, TX 78247",TX,,90,Med Spa,"$4,000",0.0,1,No,MED,No website; Almost no reviews; No ads detected; Weak SEO signals; High retainer potential ($3k+/mo),"PAIN: The Float Capsule has no working website — losing every lead searching online; has almost no online reviews — invisible to new customers; is running zero paid ads — competitors are capturing all the paid traffic. | OPPORTUNITY: Med Spa in San Antonio with estimated retainer value of $4,000/mo. High competition niche where digital presence = phone calls. | PITCH: Lead with website build + SEO package. Show them competitors who rank #1 and ask how many calls they think that generates.",https://www.google.com/maps/search/The+Float+Capsule+San+Antonio+TX
Henslee Scott M M.D.,,,,,San Antonio,TX,,90,Medical,"$3,000",0.0,1,No,MED,No website; Almost no reviews; No ads detected; Weak SEO signals; High retainer potential ($3k+/mo),"PAIN: Henslee Scott M M.D. has no working website — losing every lead searching online; has almost no online reviews — invisible to new customers; is running zero paid ads — competitors are capturing all the paid traffic. | OPPORTUNITY: Medical in San Antonio with estimated retainer value of $3,000/mo. High competition niche where digital presence = phone calls. | PITCH: Lead with website build + SEO package. Show them competitors who rank #1 and ask how many calls they think that generates.",https://www.google.com/maps/search/Henslee+Scott+M+M.D.+San+Antonio+TX
Bluebonnet Renovations LLC,,,,,San Antonio,TX,,90,Contractor,"$2,500",0.0,0,No,MED,No website; Almost no reviews; No ads detected; Weak SEO signals; Solid retainer potential ($2k+/mo),"PAIN: Bluebonnet Renovations LLC has no working website — losing every lead searching online; has almost no online reviews — invisible to new customers; is running zero paid ads — competitors are capturing all the paid traffic. | OPPORTUNITY: Contractor in San Antonio with estimated retainer value of $2,500/mo. High competition niche where digital presence = phone calls. | PITCH: Lead with website build + SEO package. Show them competitors who rank #1 and ask how many calls they think that generates.",https://www.google.com/maps/search/Bluebonnet+Renovations+LLC+San+Antonio+TX
National Home Improvement Inc.,,,,,San Antonio,TX,,90,Contractor,"$2,500",0.0,6,No,MED,No website; Almost no reviews; No ads detected; Weak SEO signals; Solid retainer potential ($2k+/mo),"PAIN: National Home Improvement Inc. has no working website — losing every lead searching online; has almost no online reviews — invisible to new customers; is running zero paid ads — competitors are capturing all the paid traffic. | OPPORTUNITY: Contractor in San Antonio with estimated retainer value of $2,500/mo. High competition niche where digital presence = phone calls. | PITCH: Lead with website build + SEO package. Show them competitors who rank #1 and ask how many calls they think that generates.",https://www.google.com/maps/search/National+Home+Improvement+Inc.+San+Antonio+TX
Constructors Division 9 Painting,,(210) 520-1011,,,"San Antonio, TX 78213",TX,,90,Contractor,"$2,500",0.0,6,No,MED,No website; Almost no reviews; No ads detected; Weak SEO signals; Solid retainer potential ($2k+/mo),"PAIN: Constructors Division 9 Painting has no working website — losing every lead searching online; has almost no online reviews — invisible to new customers; is running zero paid ads — competitors are capturing all the paid traffic. | OPPORTUNITY: Contractor in San Antonio with estimated retainer value of $2,500/mo. High competition niche where digital presence = phone calls. | PITCH: Lead with website build + SEO package. Show them competitors who rank #1 and ask how many calls they think that generates.",https://www.google.com/maps/search/Constructors+Division+9+Painting+San+Antonio+TX
Adams Home Inspection Service,,,,,San Antonio,TX,,90,Pest Control,"$2,500",0.0,4,No,MED,No website; Almost no reviews; No ads detected; Weak SEO signals; Solid retainer potential ($2k+/mo),"PAIN: Adams Home Inspection Service has no working website — losing every lead searching online; has almost no online reviews — invisible to new customers; is running zero paid ads — competitors are capturing all the paid traffic. | OPPORTUNITY: Pest Control in San Antonio with estimated retainer value of $2,500/mo. High competition niche where digital presence = phone calls. | PITCH: Lead with website build + SEO package. Show them competitors who rank #1 and ask how many calls they think that generates.",https://www.google.com/maps/search/Adams+Home+Inspection+Service+San+Antonio+TX
Budget Exterminators,,(210) 647-7378,,,"San Antonio, TX 78250",TX,,90,Pest Control,"$2,500",0.0,1,No,MED,No website; Almost no reviews; No ads detected; Weak SEO signals; Solid retainer potential ($2k+/mo),"PAIN: Budget Exterminators has no working website — losing every lead searching online; has almost no online reviews — invisible to new customers; is running zero paid ads — competitors are capturing all the paid traffic. | OPPORTUNITY: Pest Control in San Antonio with estimated retainer value of $2,500/mo. High competition niche where digital presence = phone calls. | PITCH: Lead with website build + SEO package. Show them competitors who rank #1 and ask how many calls they think that generates.",https://www.google.com/maps/search/Budget+Exterminators+San+Antonio+TX
Kezar's Pest Control Inc,,(210) 366-2218,,,"San Antonio, TX 78266",TX,,90,Pest Control,"$2,500",0.0,2,No,MED,No website; Almost no reviews; No ads detected; Weak SEO signals; Solid retainer potential ($2k+/mo),"PAIN: Kezar's Pest Control Inc has no working website — losing every lead searching online; has almost no online reviews — invisible to new customers; is running zero paid ads — competitors are capturing all the paid traffic. | OPPORTUNITY: Pest Control in San Antonio with estimated retainer value of $2,500/mo. High competition niche where digital presence = phone calls. | PITCH: Lead with website build + SEO package. Show them competitors who rank #1 and ask how many calls they think that generates.",https://www.google.com/maps/search/Kezar%27s+Pest+Control+Inc+San+Antonio+TX
Lone Star Radiator Company,,,,,San Antonio,TX,,90,Auto Repair,"$1,500",0.0,3,No,MED,No website; Almost no reviews; No ads detected; Weak SEO signals; Standard retainer potential,"PAIN: Lone Star Radiator Company has no working website — losing every lead searching online; has almost no online reviews — invisible to new customers; is running zero paid ads — competitors are capturing all the paid traffic. | OPPORTUNITY: Auto Repair in San Antonio with estimated retainer value of $1,500/mo. High competition niche where digital presence = phone calls. | PITCH: Lead with website build + SEO package. Show them competitors who rank #1 and ask how many calls they think that generates.",https://www.google.com/maps/search/Lone+Star+Radiator+Company+San+Antonio+TX
Blackmon's Garage,,,,,San Antonio,TX,,90,Auto Repair,"$1,500",0.0,2,No,MED,No website; Almost no reviews; No ads detected; Weak SEO signals; Standard retainer potential,"PAIN: Blackmon's Garage has no working website — losing every lead searching online; has almost no online reviews — invisible to new customers; is running zero paid ads — competitors are capturing all the paid traffic. | OPPORTUNITY: Auto Repair in San Antonio with estimated retainer value of $1,500/mo. High competition niche where digital presence = phone calls. | PITCH: Lead with website build + SEO package. Show them competitors who rank #1 and ask how many calls they think that generates.",https://www.google.com/maps/search/Blackmon%27s+Garage+San+Antonio+TX
Precision Truck and Trailer,,(877) 355-6398,,https://www.precisiontruckservice.com,San Antonio,TX,,90,Towing,"$2,000",0.0,2,No,HIGH,Broken website; Almost no reviews; No ads detected; Weak SEO signals; High urgency niche; Solid retainer potential ($2k+/mo),"PAIN: Precision Truck and Trailer has no working website — losing every lead searching online; has almost no online reviews — invisible to new customers; is running zero paid ads — competitors are capturing all the paid traffic. | OPPORTUNITY: Towing in San Antonio with estimated retainer value of $2,000/mo. High competition niche where digital presence = phone calls. | PITCH: Lead with paid ads audit. Show them competitors running ads and estimate what they're spending. Offer to run a pilot campaign.",https://www.google.com/maps/search/Precision+Truck+and+Trailer+San+Antonio+TX
Armada Towing,,(210) 509-7400,,http://www.armadatow.com,"San Antonio, TX 78238",TX,,90,Towing,"$2,000",0.0,6,No,HIGH,Broken website; Almost no reviews; No ads detected; Weak SEO signals; High urgency niche; Solid retainer potential ($2k+/mo),"PAIN: Armada Towing has no working website — losing every lead searching online; has almost no online reviews — invisible to new customers; is running zero paid ads — competitors are capturing all the paid traffic. | OPPORTUNITY: Towing in San Antonio with estimated retainer value of $2,000/mo. High competition niche where digital presence = phone calls. | PITCH: Lead with paid ads audit. Show them competitors running ads and estimate what they're spending. Offer to run a pilot campaign.",https://www.google.com/maps/search/Armada+Towing+San+Antonio+TX
Elite Physical Therapy,,,,,San Antonio,TX,,90,Medical,"$2,500",0.0,0,No,MED,No website; Almost no reviews; No ads detected; Weak SEO signals; Solid retainer potential ($2k+/mo),"PAIN: Elite Physical Therapy has no working website — losing every lead searching online; has almost no online reviews — invisible to new customers; is running zero paid ads — competitors are capturing all the paid traffic. | OPPORTUNITY: Medical in San Antonio with estimated retainer value of $2,500/mo. High competition niche where digital presence = phone calls. | PITCH: Lead with website build + SEO package. Show them competitors who rank #1 and ask how many calls they think that generates.",https://www.google.com/maps/search/Elite+Physical+Therapy+San+Antonio+TX
Nix Health Foundation Senior Gold,,(844) 468-6649,,http://nixhealth.com/home/maps-and-directions/for-nix-medical-center?headerbar=4,"San Antonio, TX 78205",TX,,88,Medical,"$2,500",0.0,1,No,MED,Not mobile-friendly; No tracking pixels; Poor SEO on-page; No contact form; Almost no reviews; No ads detected; Weak SEO signals; Solid retainer potential ($2k+/mo),"PAIN: Nix Health Foundation Senior Gold has almost no online reviews — invisible to new customers; is running zero paid ads — competitors are capturing all the paid traffic; has no Analytics or Meta Pixel — can't measure or retarget. | OPPORTUNITY: Medical in San Antonio with estimated retainer value of $2,500/mo. High competition niche where digital presence = phone calls. | PITCH: Lead with paid ads audit. Show them competitors running ads and estimate what they're spending. Offer to run a pilot campaign.",https://www.google.com/maps/search/Nix+Health+Foundation+Senior+Gold+San+Antonio+TX
Eb Extreme Electrical Services,,(210) 410-2131,,https://ebextremeelectricalservices.com,San Antonio,TX,,85,Electrician,"$3,000",0.0,29,No,HIGH,Broken website; Low reviews; No ads detected; Weak SEO signals; High urgency niche; High retainer potential ($3k+/mo),"PAIN: Eb Extreme Electrical Services has no working website — losing every lead searching online; has under 50 reviews — struggling to build trust online; is running zero paid ads — competitors are capturing all the paid traffic. | OPPORTUNITY: Electrician in San Antonio with estimated retainer value of $3,000/mo. High competition niche where digital presence = phone calls. | PITCH: Lead with paid ads audit. Show them competitors running ads and estimate what they're spending. Offer to run a pilot campaign.",https://www.google.com/maps/search/Eb+Extreme+Electrical+Services+San+Antonio+TX
Ambit Energy - Residential & Commercial Services,,(281) 682-1561,,http://www.dchenergy.joinambit.com,San Antonio,TX,,85,Electrician,"$3,000",0.0,18,No,HIGH,Broken website; Low reviews; No ads detected; Weak SEO signals; High urgency niche; High retainer potential ($3k+/mo),"PAIN: Ambit Energy - Residential & Commercial Services has no working website — losing every lead searching online; has under 50 reviews — struggling to build trust online; is running zero paid ads — competitors are capturing all the paid traffic. | OPPORTUNITY: Electrician in San Antonio with estimated retainer value of $3,000/mo. High competition niche where digital presence = phone calls. | PITCH: Lead with paid ads audit. Show them competitors running ads and estimate what they're spending. Offer to run a pilot campaign.",https://www.google.com/maps/search/Ambit+Energy+-+Residential+%26+Commercial+Services+San+Antonio+TX
Admiral Chem Dry,,(210) 520-0210,,http://www.admiralchemdry.com,"San Antonio, TX 78238",TX,,85,Restoration,"$4,500",0.0,3,No,HIGH,Broken website; Almost no reviews; No ads detected; Some SEO issues; High urgency niche; High retainer potential ($3k+/mo),"PAIN: Admiral Chem Dry has no working website — losing every lead searching online; has almost no online reviews — invisible to new customers; is running zero paid ads — competitors are capturing all the paid traffic. | OPPORTUNITY: Restoration in San Antonio with estimated retainer value of $4,500/mo. High competition niche where digital presence = phone calls. | PITCH: Lead with paid ads audit. Show them competitors running ads and estimate what they're spending. Offer to run a pilot campaign.",https://www.google.com/maps/search/Admiral+Chem+Dry+San+Antonio+TX
"Pena and Quintana, PLLC",,(210) 257-8645,,http://www.penaquintanalaw.com,"San Antonio, TX 78216",TX,,85,Law Firm,"$3,000",0.0,1,No,MED,Broken website; Almost no reviews; No ads detected; Weak SEO signals; High retainer potential ($3k+/mo),"PAIN: Pena and Quintana, PLLC has no working website — losing every lead searching online; has almost no online reviews — invisible to new customers; is running zero paid ads — competitors are capturing all the paid traffic. | OPPORTUNITY: Law Firm in San Antonio with estimated retainer value of $3,000/mo. High competition niche where digital presence = phone calls. | PITCH: Lead with paid ads audit. Show them competitors running ads and estimate what they're spending. Offer to run a pilot campaign.",https://www.google.com/maps/search/Pena+and+Quintana%2C+PLLC+San+Antonio+TX
Aspen Dental,,(726) 900-5180,,https://www.aspendental.com/dentist/tx/san-antonio/1251-austin-highway-ste-104/?utm_source=YP&utm_medium=IYP,"San Antonio, TX 78209",TX,,85,Dental,"$3,000",0.0,7,No,MED,Broken website; Almost no reviews; No ads detected; Weak SEO signals; High retainer potential ($3k+/mo),"PAIN: Aspen Dental has no working website — losing every lead searching online; has almost no online reviews — invisible to new customers; is running zero paid ads — competitors are capturing all the paid traffic. | OPPORTUNITY: Dental in San Antonio with estimated retainer value of $3,000/mo. High competition niche where digital presence = phone calls. | PITCH: Lead with paid ads audit. Show them competitors running ads and estimate what they're spending. Offer to run a pilot campaign.",https://www.google.com/maps/search/Aspen+Dental+San+Antonio+TX
Aspen Dental,,(210) 741-7970,,https://www.aspendental.com/dentist/tx/san-antonio/2814-sw-military-drive/?utm_source=YP&utm_medium=IYP,"San Antonio, TX 78224",TX,,85,Dental,"$3,000",0.0,9,No,MED,Broken website; Almost no reviews; No ads detected; Weak SEO signals; High retainer potential ($3k+/mo),"PAIN: Aspen Dental has no working website — losing every lead searching online; has almost no online reviews — invisible to new customers; is running zero paid ads — competitors are capturing all the paid traffic. | OPPORTUNITY: Dental in San Antonio with estimated retainer value of $3,000/mo. High competition niche where digital presence = phone calls. | PITCH: Lead with paid ads audit. Show them competitors running ads and estimate what they're spending. Offer to run a pilot campaign.",https://www.google.com/maps/search/Aspen+Dental+San+Antonio+TX
Aspen Dental,,(830) 715-4325,,https://www.aspendental.com/dentist/tx/san-antonio/2323-babcock-road/?utm_source=YP&utm_medium=IYP,"San Antonio, TX 78229",TX,,85,Dental,"$3,000",0.0,8,No,MED,Broken website; Almost no reviews; No ads detected; Weak SEO signals; High retainer potential ($3k+/mo),"PAIN: Aspen Dental has no working website — losing every lead searching online; has almost no online reviews — invisible to new customers; is running zero paid ads — competitors are capturing all the paid traffic. | OPPORTUNITY: Dental in San Antonio with estimated retainer value of $3,000/mo. High competition niche where digital presence = phone calls. | PITCH: Lead with paid ads audit. Show them competitors running ads and estimate what they're spending. Offer to run a pilot campaign.",https://www.google.com/maps/search/Aspen+Dental+San+Antonio+TX
Miller Chiropractic,,,,,San Antonio,TX,,85,Chiro,"$2,500",0.0,31,No,MED,No website; Low reviews; No ads detected; Weak SEO signals; Solid retainer potential ($2k+/mo),"PAIN: Miller Chiropractic has no working website — losing every lead searching online; has under 50 reviews — struggling to build trust online; is running zero paid ads — competitors are capturing all the paid traffic. | OPPORTUNITY: Chiro in San Antonio with estimated retainer value of $2,500/mo. High competition niche where digital presence = phone calls. | PITCH: Lead with website build + SEO package. Show them competitors who rank #1 and ask how many calls they think that generates.",https://www.google.com/maps/search/Miller+Chiropractic+San+Antonio+TX
"Barrows, Rick D, DC",,(210) 922-0942,,,"San Antonio, TX 78221",TX,,85,Chiro,"$2,500",0.0,37,No,MED,No website; Low reviews; No ads detected; Weak SEO signals; Solid retainer potential ($2k+/mo),"PAIN: Barrows, Rick D, DC has no working website — losing every lead searching online; has under 50 reviews — struggling to build trust online; is running zero paid ads — competitors are capturing all the paid traffic. | OPPORTUNITY: Chiro in San Antonio with estimated retainer value of $2,500/mo. High competition niche where digital presence = phone calls. | PITCH: Lead with website build + SEO package. Show them competitors who rank #1 and ask how many calls they think that generates.",https://www.google.com/maps/search/Barrows%2C+Rick+D%2C+DC+San+Antonio+TX
Health Spa,,(210) 877-2777,,,"San Antonio, TX 78240",TX,,85,Med Spa,"$4,000",0.0,27,No,MED,No website; Low reviews; No ads detected; Weak SEO signals; High retainer potential ($3k+/mo),"PAIN: Health Spa has no working website — losing every lead searching online; has under 50 reviews — struggling to build trust online; is running zero paid ads — competitors are capturing all the paid traffic. | OPPORTUNITY: Med Spa in San Antonio with estimated retainer value of $4,000/mo. High competition niche where digital presence = phone calls. | PITCH: Lead with website build + SEO package. Show them competitors who rank #1 and ask how many calls they think that generates.",https://www.google.com/maps/search/Health+Spa+San+Antonio+TX
Taichi Wellness Spa Plus,,(210) 688-9926,,https://www.taichiwellnessspa.com/braun-point,"San Antonio, TX 78254",TX,,85,Med Spa,"$4,000",0.0,1,No,MED,Broken website; Almost no reviews; No ads detected; Weak SEO signals; High retainer potential ($3k+/mo),"PAIN: Taichi Wellness Spa Plus has no working website — losing every lead searching online; has almost no online reviews — invisible to new customers; is running zero paid ads — competitors are capturing all the paid traffic. | OPPORTUNITY: Med Spa in San Antonio with estimated retainer value of $4,000/mo. High competition niche where digital presence = phone calls. | PITCH: Lead with paid ads audit. Show them competitors running ads and estimate what they're spending. Offer to run a pilot campaign.",https://www.google.com/maps/search/Taichi+Wellness+Spa+Plus+San+Antonio+TX
Our Creations Spa,,(210) 681-2533,,http://www.medspa-sanantonio.com,"San Antonio, TX 78228",TX,,85,Med Spa,"$4,000",0.0,1,No,MED,Broken website; Almost no reviews; No ads detected; Weak SEO signals; High retainer potential ($3k+/mo),"PAIN: Our Creations Spa has no working website — losing every lead searching online; has almost no online reviews — invisible to new customers; is running zero paid ads — competitors are capturing all the paid traffic. | OPPORTUNITY: Med Spa in San Antonio with estimated retainer value of $4,000/mo. High competition niche where digital presence = phone calls. | PITCH: Lead with paid ads audit. Show them competitors running ads and estimate what they're spending. Offer to run a pilot campaign.",https://www.google.com/maps/search/Our+Creations+Spa+San+Antonio+TX
Dolce Beauty & Laser Medical Spa - San Antonio,,(210) 686-0505,,http://www.dolcebl.com,"San Antonio, TX 78256",TX,,85,Med Spa,"$4,000",0.0,9,No,MED,Broken website; Almost no reviews; No ads detected; Weak SEO signals; High retainer potential ($3k+/mo),"PAIN: Dolce Beauty & Laser Medical Spa - San Antonio has no working website — losing every lead searching online; has almost no online reviews — invisible to new customers; is running zero paid ads — competitors are capturing all the paid traffic. | OPPORTUNITY: Med Spa in San Antonio with estimated retainer value of $4,000/mo. High competition niche where digital presence = phone calls. | PITCH: Lead with paid ads audit. Show them competitors running ads and estimate what they're spending. Offer to run a pilot campaign.",https://www.google.com/maps/search/Dolce+Beauty+%26+Laser+Medical+Spa+-+San+Antonio+San+Antonio+TX
"Milbourn, Catherine T, MD",,(210) 497-7100,,http://www.drmilbourn.com,"San Antonio, TX 78258",TX,,85,Med Spa,"$5,000",0.0,1,No,MED,Broken website; Almost no reviews; No ads detected; Weak SEO signals; High retainer potential ($3k+/mo),"PAIN: Milbourn, Catherine T, MD has no working website — losing every lead searching online; has almost no online reviews — invisible to new customers; is running zero paid ads — competitors are capturing all the paid traffic. | OPPORTUNITY: Med Spa in San Antonio with estimated retainer value of $5,000/mo. High competition niche where digital presence = phone calls. | PITCH: Lead with paid ads audit. Show them competitors running ads and estimate what they're spending. Offer to run a pilot campaign.",https://www.google.com/maps/search/Milbourn%2C+Catherine+T%2C+MD+San+Antonio+TX
Mark Weinstein MD,,,,,San Antonio,TX,,85,Medical,"$3,000",0.0,47,No,MED,No website; Low reviews; No ads detected; Weak SEO signals; High retainer potential ($3k+/mo),"PAIN: Mark Weinstein MD has no working website — losing every lead searching online; has under 50 reviews — struggling to build trust online; is running zero paid ads — competitors are capturing all the paid traffic. | OPPORTUNITY: Medical in San Antonio with estimated retainer value of $3,000/mo. High competition niche where digital presence = phone calls. | PITCH: Lead with website build + SEO package. Show them competitors who rank #1 and ask how many calls they think that generates.",https://www.google.com/maps/search/Mark+Weinstein+MD+San+Antonio+TX
John Martin IV M.D.,,,,,San Antonio,TX,,85,Medical,"$3,000",0.0,13,No,MED,No website; Low reviews; No ads detected; Weak SEO signals; High retainer potential ($3k+/mo),"PAIN: John Martin IV M.D. has no working website — losing every lead searching online; has under 50 reviews — struggling to build trust online; is running zero paid ads — competitors are capturing all the paid traffic. | OPPORTUNITY: Medical in San Antonio with estimated retainer value of $3,000/mo. High competition niche where digital presence = phone calls. | PITCH: Lead with website build + SEO package. Show them competitors who rank #1 and ask how many calls they think that generates.",https://www.google.com/maps/search/John+Martin+IV+M.D.+San+Antonio+TX
"Vela III, Raul M.D.",,,,,San Antonio,TX,,85,Medical,"$3,000",0.0,13,No,MED,No website; Low reviews; No ads detected; Weak SEO signals; High retainer potential ($3k+/mo),"PAIN: Vela III, Raul M.D. has no working website — losing every lead searching online; has under 50 reviews — struggling to build trust online; is running zero paid ads — competitors are capturing all the paid traffic. | OPPORTUNITY: Medical in San Antonio with estimated retainer value of $3,000/mo. High competition niche where digital presence = phone calls. | PITCH: Lead with website build + SEO package. Show them competitors who rank #1 and ask how many calls they think that generates.",https://www.google.com/maps/search/Vela+III%2C+Raul+M.D.+San+Antonio+TX
Henslee Scott M M.D.,,(210) 614-3575,,http://www.markweinsteintx.com,"San Antonio, TX 78229",TX,,85,Medical,"$3,000",0.0,1,No,MED,Broken website; Almost no reviews; No ads detected; Weak SEO signals; High retainer potential ($3k+/mo),"PAIN: Henslee Scott M M.D. has no working website — losing every lead searching online; has almost no online reviews — invisible to new customers; is running zero paid ads — competitors are capturing all the paid traffic. | OPPORTUNITY: Medical in San Antonio with estimated retainer value of $3,000/mo. High competition niche where digital presence = phone calls. | PITCH: Lead with paid ads audit. Show them competitors running ads and estimate what they're spending. Offer to run a pilot campaign.",https://www.google.com/maps/search/Henslee+Scott+M+M.D.+San+Antonio+TX
MJ Septic LLC,,,,,San Antonio,TX,,85,Contractor,"$2,500",0.0,18,No,MED,No website; Low reviews; No ads detected; Weak SEO signals; Solid retainer potential ($2k+/mo),"PAIN: MJ Septic LLC has no working website — losing every lead searching online; has under 50 reviews — struggling to build trust online; is running zero paid ads — competitors are capturing all the paid traffic. | OPPORTUNITY: Contractor in San Antonio with estimated retainer value of $2,500/mo. High competition niche where digital presence = phone calls. | PITCH: Lead with website build + SEO package. Show them competitors who rank #1 and ask how many calls they think that generates.",https://www.google.com/maps/search/MJ+Septic+LLC+San+Antonio+TX
Sterling Construction Services,,,,,San Antonio,TX,,85,Contractor,"$2,500",0.0,30,No,MED,No website; Low reviews; No ads detected; Weak SEO signals; Solid retainer potential ($2k+/mo),"PAIN: Sterling Construction Services has no working website — losing every lead searching online; has under 50 reviews — struggling to build trust online; is running zero paid ads — competitors are capturing all the paid traffic. | OPPORTUNITY: Contractor in San Antonio with estimated retainer value of $2,500/mo. High competition niche where digital presence = phone calls. | PITCH: Lead with website build + SEO package. Show them competitors who rank #1 and ask how many calls they think that generates.",https://www.google.com/maps/search/Sterling+Construction+Services+San+Antonio+TX
Rayco Electrical Contractors,,(210) 215-8823,,http://rayelectcont.com,"San Antonio, TX 78228",TX,,85,Contractor,"$2,500",0.0,6,No,MED,Broken website; Almost no reviews; No ads detected; Weak SEO signals; Solid retainer potential ($2k+/mo),"PAIN: Rayco Electrical Contractors has no working website — losing every lead searching online; has almost no online reviews — invisible to new customers; is running zero paid ads — competitors are capturing all the paid traffic. | OPPORTUNITY: Contractor in San Antonio with estimated retainer value of $2,500/mo. High competition niche where digital presence = phone calls. | PITCH: Lead with paid ads audit. Show them competitors running ads and estimate what they're spending. Offer to run a pilot campaign.",https://www.google.com/maps/search/Rayco+Electrical+Contractors+San+Antonio+TX
A Fence Co.,,,,,San Antonio,TX,,85,Contractor,"$2,000",0.0,0,No,LOW,No website; Almost no reviews; No ads detected; Weak SEO signals; Solid retainer potential ($2k+/mo),"PAIN: A Fence Co. has no working website — losing every lead searching online; has almost no online reviews — invisible to new customers; is running zero paid ads — competitors are capturing all the paid traffic. | OPPORTUNITY: Contractor in San Antonio with estimated retainer value of $2,000/mo. High competition niche where digital presence = phone calls. | PITCH: Lead with website build + SEO package. Show them competitors who rank #1 and ask how many calls they think that generates.",https://www.google.com/maps/search/A+Fence+Co.+San+Antonio+TX
Bella Home Painting,,(210) 827-5563,,,"San Antonio, TX 78249",TX,,85,Contractor,"$2,000",0.0,4,No,LOW,No website; Almost no reviews; No ads detected; Weak SEO signals; Solid retainer potential ($2k+/mo),"PAIN: Bella Home Painting has no working website — losing every lead searching online; has almost no online reviews — invisible to new customers; is running zero paid ads — competitors are capturing all the paid traffic. | OPPORTUNITY: Contractor in San Antonio with estimated retainer value of $2,000/mo. High competition niche where digital presence = phone calls. | PITCH: Lead with website build + SEO package. Show them competitors who rank #1 and ask how many calls they think that generates.",https://www.google.com/maps/search/Bella+Home+Painting+San+Antonio+TX
Premier Plus Painting,,(210) 593-8615,,,"San Antonio, TX 78216",TX,,85,Contractor,"$2,000",0.0,3,No,LOW,No website; Almost no reviews; No ads detected; Weak SEO signals; Solid retainer potential ($2k+/mo),"PAIN: Premier Plus Painting has no working website — losing every lead searching online; has almost no online reviews — invisible to new customers; is running zero paid ads — competitors are capturing all the paid traffic. | OPPORTUNITY: Contractor in San Antonio with estimated retainer value of $2,000/mo. High competition niche where digital presence = phone calls. | PITCH: Lead with website build + SEO package. Show them competitors who rank #1 and ask how many calls they think that generates.",https://www.google.com/maps/search/Premier+Plus+Painting+San+Antonio+TX
Joseph Espinoza- Painting Contractor,,(210) 860-4331,,,"San Antonio, TX 78210",TX,,85,Contractor,"$2,000",0.0,2,No,LOW,No website; Almost no reviews; No ads detected; Weak SEO signals; Solid retainer potential ($2k+/mo),"PAIN: Joseph Espinoza- Painting Contractor has no working website — losing every lead searching online; has almost no online reviews — invisible to new customers; is running zero paid ads — competitors are capturing all the paid traffic. | OPPORTUNITY: Contractor in San Antonio with estimated retainer value of $2,000/mo. High competition niche where digital presence = phone calls. | PITCH: Lead with website build + SEO package. Show them competitors who rank #1 and ask how many calls they think that generates.",https://www.google.com/maps/search/Joseph+Espinoza-+Painting+Contractor+San+Antonio+TX
Genesis Gardens and Landscaping,,,,,San Antonio,TX,,85,Landscaping,"$2,000",0.0,0,No,LOW,No website; Almost no reviews; No ads detected; Weak SEO signals; Solid retainer potential ($2k+/mo),"PAIN: Genesis Gardens and Landscaping has no working website — losing every lead searching online; has almost no online reviews — invisible to new customers; is running zero paid ads — competitors are capturing all the paid traffic. | OPPORTUNITY: Landscaping in San Antonio with estimated retainer value of $2,000/mo. High competition niche where digital presence = phone calls. | PITCH: Lead with website build + SEO package. Show them competitors who rank #1 and ask how many calls they think that generates.",https://www.google.com/maps/search/Genesis+Gardens+and+Landscaping+San+Antonio+TX
Obsidian Exterior Services,,,,,San Antonio,TX,,85,Pool,"$2,000",0.0,0,No,LOW,No website; Almost no reviews; No ads detected; Weak SEO signals; Solid retainer potential ($2k+/mo),"PAIN: Obsidian Exterior Services has no working website — losing every lead searching online; has almost no online reviews — invisible to new customers; is running zero paid ads — competitors are capturing all the paid traffic. | OPPORTUNITY: Pool in San Antonio with estimated retainer value of $2,000/mo. High competition niche where digital presence = phone calls. | PITCH: Lead with website build + SEO package. Show them competitors who rank #1 and ask how many calls they think that generates.",https://www.google.com/maps/search/Obsidian+Exterior+Services+San+Antonio+TX
Wood Duck Pool and Patio,,,,,San Antonio,TX,,85,Pool,"$2,000",0.0,0,No,LOW,No website; Almost no reviews; No ads detected; Weak SEO signals; Solid retainer potential ($2k+/mo),"PAIN: Wood Duck Pool and Patio has no working website — losing every lead searching online; has almost no online reviews — invisible to new customers; is running zero paid ads — competitors are capturing all the paid traffic. | OPPORTUNITY: Pool in San Antonio with estimated retainer value of $2,000/mo. High competition niche where digital presence = phone calls. | PITCH: Lead with website build + SEO package. Show them competitors who rank #1 and ask how many calls they think that generates.",https://www.google.com/maps/search/Wood+Duck+Pool+and+Patio+San+Antonio+TX
"Pool Pro's Leak Detections, LLC",,(210) 368-2037,,,"San Antonio, TX 78227",TX,,85,Pool,"$2,000",0.0,1,No,LOW,No website; Almost no reviews; No ads detected; Weak SEO signals; Solid retainer potential ($2k+/mo),"PAIN: Pool Pro's Leak Detections, LLC has no working website — losing every lead searching online; has almost no online reviews — invisible to new customers; is running zero paid ads — competitors are capturing all the paid traffic. | OPPORTUNITY: Pool in San Antonio with estimated retainer value of $2,000/mo. High competition niche where digital presence = phone calls. | PITCH: Lead with website build + SEO package. Show them competitors who rank #1 and ask how many calls they think that generates.",https://www.google.com/maps/search/Pool+Pro%27s+Leak+Detections%2C+LLC+San+Antonio+TX
"Alamo City Truck Service, Inc.",,,,,San Antonio,TX,,85,Auto Repair,"$1,500",0.0,38,No,MED,No website; Low reviews; No ads detected; Weak SEO signals; Standard retainer potential,"PAIN: Alamo City Truck Service, Inc. has no working website — losing every lead searching online; has under 50 reviews — struggling to build trust online; is running zero paid ads — competitors are capturing all the paid traffic. | OPPORTUNITY: Auto Repair in San Antonio with estimated retainer value of $1,500/mo. High competition niche where digital presence = phone calls. | PITCH: Lead with website build + SEO package. Show them competitors who rank #1 and ask how many calls they think that generates.",https://www.google.com/maps/search/Alamo+City+Truck+Service%2C+Inc.+San+Antonio+TX
Martinez Tire & Auto Center,,,,,San Antonio,TX,,85,Auto Repair,"$1,500",0.0,38,No,MED,No website; Low reviews; No ads detected; Weak SEO signals; Standard retainer potential,"PAIN: Martinez Tire & Auto Center has no working website — losing every lead searching online; has under 50 reviews — struggling to build trust online; is running zero paid ads — competitors are capturing all the paid traffic. | OPPORTUNITY: Auto Repair in San Antonio with estimated retainer value of $1,500/mo. High competition niche where digital presence = phone calls. | PITCH: Lead with website build + SEO package. Show them competitors who rank #1 and ask how many calls they think that generates.",https://www.google.com/maps/search/Martinez+Tire+%26+Auto+Center+San+Antonio+TX
Martinez's Tire and Muffler Shop,,,,,San Antonio,TX,,85,Auto Repair,"$1,500",0.0,39,No,MED,No website; Low reviews; No ads detected; Weak SEO signals; Standard retainer potential,"PAIN: Martinez's Tire and Muffler Shop has no working website — losing every lead searching online; has under 50 reviews — struggling to build trust online; is running zero paid ads — competitors are capturing all the paid traffic. | OPPORTUNITY: Auto Repair in San Antonio with estimated retainer value of $1,500/mo. High competition niche where digital presence = phone calls. | PITCH: Lead with website build + SEO package. Show them competitors who rank #1 and ask how many calls they think that generates.",https://www.google.com/maps/search/Martinez%27s+Tire+and+Muffler+Shop+San+Antonio+TX
Texas Collision,,(210) 377-3475,,https://www.carwise.com/auto-body-shops/book-appointment/texas-collision-san-antonio-tx-78213/492731,"San Antonio, TX 78213",TX,,85,Auto Repair,"$1,500",0.0,1,No,MED,Broken website; Almost no reviews; No ads detected; Weak SEO signals; Standard retainer potential,"PAIN: Texas Collision has no working website — losing every lead searching online; has almost no online reviews — invisible to new customers; is running zero paid ads — competitors are capturing all the paid traffic. | OPPORTUNITY: Auto Repair in San Antonio with estimated retainer value of $1,500/mo. High competition niche where digital presence = phone calls. | PITCH: Lead with paid ads audit. Show them competitors running ads and estimate what they're spending. Offer to run a pilot campaign.",https://www.google.com/maps/search/Texas+Collision+San+Antonio+TX
Phil Z Towing,,(210) 845-3435,,http://www.philztowing.com,"San Antonio, TX 78227",TX,,85,Towing,"$2,000",0.0,1,No,HIGH,No tracking pixels; Poor SEO on-page; Almost no reviews; No ads detected; Weak SEO signals; High urgency niche; Solid retainer potential ($2k+/mo),"PAIN: Phil Z Towing has almost no online reviews — invisible to new customers; is running zero paid ads — competitors are capturing all the paid traffic; has no Analytics or Meta Pixel — can't measure or retarget. | OPPORTUNITY: Towing in San Antonio with estimated retainer value of $2,000/mo. High competition niche where digital presence = phone calls. | PITCH: Lead with paid ads audit. Show them competitors running ads and estimate what they're spending. Offer to run a pilot campaign.",https://www.google.com/maps/search/Phil+Z+Towing+San+Antonio+TX
A Plus Rehab Inc,,(210) 448-9111,,http://www.aplusrehab.net,"San Antonio, TX 78238",TX,,85,Medical,"$2,500",0.0,1,No,MED,Broken website; Almost no reviews; No ads detected; Weak SEO signals; Solid retainer potential ($2k+/mo),"PAIN: A Plus Rehab Inc has no working website — losing every lead searching online; has almost no online reviews — invisible to new customers; is running zero paid ads — competitors are capturing all the paid traffic. | OPPORTUNITY: Medical in San Antonio with estimated retainer value of $2,500/mo. High competition niche where digital presence = phone calls. | PITCH: Lead with paid ads audit. Show them competitors running ads and estimate what they're spending. Offer to run a pilot campaign.",https://www.google.com/maps/search/A+Plus+Rehab+Inc+San+Antonio+TX
San Antonio Center for Physical Therapy,,(210) 545-5222,,http://www.sacpt.com,"San Antonio, TX 78258",TX,,85,Medical,"$2,500",0.0,3,No,MED,Broken website; Almost no reviews; No ads detected; Weak SEO signals; Solid retainer potential ($2k+/mo),"PAIN: San Antonio Center for Physical Therapy has no working website — losing every lead searching online; has almost no online reviews — invisible to new customers; is running zero paid ads — competitors are capturing all the paid traffic. | OPPORTUNITY: Medical in San Antonio with estimated retainer value of $2,500/mo. High competition niche where digital presence = phone calls. | PITCH: Lead with paid ads audit. Show them competitors running ads and estimate what they're spending. Offer to run a pilot campaign.",https://www.google.com/maps/search/San+Antonio+Center+for+Physical+Therapy+San+Antonio+TX
Southwest Physical Therapy & Rehabilitation,,(210) 924-3040,,,"San Antonio, TX 78224",TX,,85,Medical,"$2,500",0.0,30,No,MED,No website; Low reviews; No ads detected; Weak SEO signals; Solid retainer potential ($2k+/mo),"PAIN: Southwest Physical Therapy & Rehabilitation has no working website — losing every lead searching online; has under 50 reviews — struggling to build trust online; is running zero paid ads — competitors are capturing all the paid traffic. | OPPORTUNITY: Medical in San Antonio with estimated retainer value of $2,500/mo. High competition niche where digital presence = phone calls. | PITCH: Lead with website build + SEO package. Show them competitors who rank #1 and ask how many calls they think that generates.",https://www.google.com/maps/search/Southwest+Physical+Therapy+%26+Rehabilitation+San+Antonio+TX
Healthlink Physical Therapy - Overlook,,(210) 423-3021,,https://www.baptisthealthsystem.com/services/physical-therapy/healthlink-outpatient-rehab,"San Antonio, TX 78258",TX,,85,Medical,"$2,500",0.0,1,No,MED,Broken website; Almost no reviews; No ads detected; Weak SEO signals; Solid retainer potential ($2k+/mo),"PAIN: Healthlink Physical Therapy - Overlook has no working website — losing every lead searching online; has almost no online reviews — invisible to new customers; is running zero paid ads — competitors are capturing all the paid traffic. | OPPORTUNITY: Medical in San Antonio with estimated retainer value of $2,500/mo. High competition niche where digital presence = phone calls. | PITCH: Lead with paid ads audit. Show them competitors running ads and estimate what they're spending. Offer to run a pilot campaign.",https://www.google.com/maps/search/Healthlink+Physical+Therapy+-+Overlook+San+Antonio+TX
Off The Top,,(210) 735-5227,,,"San Antonio, TX 78228",TX,,85,Salon,"$1,200",0.0,4,No,LOW,No website; Almost no reviews; No ads detected; Weak SEO signals; Standard retainer potential,"PAIN: Off The Top has no working website — losing every lead searching online; has almost no online reviews — invisible to new customers; is running zero paid ads — competitors are capturing all the paid traffic. | OPPORTUNITY: Salon in San Antonio with estimated retainer value of $1,200/mo. High competition niche where digital presence = phone calls. | PITCH: Lead with website build + SEO package. Show them competitors who rank #1 and ask how many calls they think that generates.",https://www.google.com/maps/search/Off+The+Top+San+Antonio+TX
Hair by Francisco,,(805) 760-1408,,,"San Antonio, TX 78232",TX,,85,Salon,"$1,200",0.0,2,No,LOW,No website; Almost no reviews; No ads detected; Weak SEO signals; Standard retainer potential,"PAIN: Hair by Francisco has no working website — losing every lead searching online; has almost no online reviews — invisible to new customers; is running zero paid ads — competitors are capturing all the paid traffic. | OPPORTUNITY: Salon in San Antonio with estimated retainer value of $1,200/mo. High competition niche where digital presence = phone calls. | PITCH: Lead with website build + SEO package. Show them competitors who rank #1 and ask how many calls they think that generates.",https://www.google.com/maps/search/Hair+by+Francisco+San+Antonio+TX
Garcia's Barber Shop,,(210) 923-9939,,,"San Antonio, TX 78211",TX,,85,Salon,"$1,200",0.0,1,No,LOW,No website; Almost no reviews; No ads detected; Weak SEO signals; Standard retainer potential,"PAIN: Garcia's Barber Shop has no working website — losing every lead searching online; has almost no online reviews — invisible to new customers; is running zero paid ads — competitors are capturing all the paid traffic. | OPPORTUNITY: Salon in San Antonio with estimated retainer value of $1,200/mo. High competition niche where digital presence = phone calls. | PITCH: Lead with website build + SEO package. Show them competitors who rank #1 and ask how many calls they think that generates.",https://www.google.com/maps/search/Garcia%27s+Barber+Shop+San+Antonio+TX
Leon Valley Barber Shop,,(210) 684-4720,,,"San Antonio, TX 78253",TX,,85,Salon,"$1,000",0.0,3,No,LOW,No website; Almost no reviews; No ads detected; Weak SEO signals; Standard retainer potential,"PAIN: Leon Valley Barber Shop has no working website — losing every lead searching online; has almost no online reviews — invisible to new customers; is running zero paid ads — competitors are capturing all the paid traffic. | OPPORTUNITY: Salon in San Antonio with estimated retainer value of $1,000/mo. High competition niche where digital presence = phone calls. | PITCH: Lead with website build + SEO package. Show them competitors who rank #1 and ask how many calls they think that generates.",https://www.google.com/maps/search/Leon+Valley+Barber+Shop+San+Antonio+TX
Cadilac Drive Barber Shop,,(210) 479-4188,,,"San Antonio, TX 78216",TX,,85,Salon,"$1,000",0.0,2,No,LOW,No website; Almost no reviews; No ads detected; Weak SEO signals; Standard retainer potential,"PAIN: Cadilac Drive Barber Shop has no working website — losing every lead searching online; has almost no online reviews — invisible to new customers; is running zero paid ads — competitors are capturing all the paid traffic. | OPPORTUNITY: Salon in San Antonio with estimated retainer value of $1,000/mo. High competition niche where digital presence = phone calls. | PITCH: Lead with website build + SEO package. Show them competitors who rank #1 and ask how many calls they think that generates.",https://www.google.com/maps/search/Cadilac+Drive+Barber+Shop+San+Antonio+TX
Hair Cuts 100,,(210) 433-4041,,,"San Antonio, TX 78238",TX,,85,Salon,"$1,000",0.0,0,No,LOW,No website; Almost no reviews; No ads detected; Weak SEO signals; Standard retainer potential,"PAIN: Hair Cuts 100 has no working website — losing every lead searching online; has almost no online reviews — invisible to new customers; is running zero paid ads — competitors are capturing all the paid traffic. | OPPORTUNITY: Salon in San Antonio with estimated retainer value of $1,000/mo. High competition niche where digital presence = phone calls. | PITCH: Lead with website build + SEO package. Show them competitors who rank #1 and ask how many calls they think that generates.",https://www.google.com/maps/search/Hair+Cuts+100+San+Antonio+TX
Silk Nail Salon & Spa,,(210) 377-1900,,,"San Antonio, TX 78216",TX,,85,Salon,"$1,000",0.0,1,No,LOW,No website; Almost no reviews; No ads detected; Weak SEO signals; Standard retainer potential,"PAIN: Silk Nail Salon & Spa has no working website — losing every lead searching online; has almost no online reviews — invisible to new customers; is running zero paid ads — competitors are capturing all the paid traffic. | OPPORTUNITY: Salon in San Antonio with estimated retainer value of $1,000/mo. High competition niche where digital presence = phone calls. | PITCH: Lead with website build + SEO package. Show them competitors who rank #1 and ask how many calls they think that generates.",https://www.google.com/maps/search/Silk+Nail+Salon+%26+Spa+San+Antonio+TX
Avalon Nail Salon,,(210) 340-1899,,,"San Antonio, TX 78216",TX,,85,Salon,"$1,000",0.0,3,No,LOW,No website; Almost no reviews; No ads detected; Weak SEO signals; Standard retainer potential,"PAIN: Avalon Nail Salon has no working website — losing every lead searching online; has almost no online reviews — invisible to new customers; is running zero paid ads — competitors are capturing all the paid traffic. | OPPORTUNITY: Salon in San Antonio with estimated retainer value of $1,000/mo. High competition niche where digital presence = phone calls. | PITCH: Lead with website build + SEO package. Show them competitors who rank #1 and ask how many calls they think that generates.",https://www.google.com/maps/search/Avalon+Nail+Salon+San+Antonio+TX
Legal Aid Legal Services Corp,,(844) 498-5177,your@email.com,http://www.legalaidlegalservices.org,San Antonio,TX,,83,Law Firm,"$3,500",0.0,20,Yes,HIGH,No tracking pixels; Poor SEO on-page; No contact form; Low reviews; No ads detected; Weak SEO signals; High urgency niche; High retainer potential ($3k+/mo),"PAIN: Legal Aid Legal Services Corp has under 50 reviews — struggling to build trust online; is running zero paid ads — competitors are capturing all the paid traffic; has no Analytics or Meta Pixel — can't measure or retarget. | OPPORTUNITY: Law Firm in San Antonio with estimated retainer value of $3,500/mo. High competition niche where digital presence = phone calls. | PITCH: Lead with paid ads audit. Show them competitors running ads and estimate what they're spending. Offer to run a pilot campaign.",https://www.google.com/maps/search/Legal+Aid+Legal+Services+Corp+San+Antonio+TX
CRT Towing,,(210) 922-7376,,http://www.sanantoniotexastowing.com,"San Antonio, TX 78217",TX,,83,Towing,"$2,000",0.0,19,No,HIGH,No tracking pixels; Poor SEO on-page; No contact form; Low reviews; No ads detected; Weak SEO signals; High urgency niche; Solid retainer potential ($2k+/mo),"PAIN: CRT Towing has under 50 reviews — struggling to build trust online; is running zero paid ads — competitors are capturing all the paid traffic; has no Analytics or Meta Pixel — can't measure or retarget. | OPPORTUNITY: Towing in San Antonio with estimated retainer value of $2,000/mo. High competition niche where digital presence = phone calls. | PITCH: Lead with paid ads audit. Show them competitors running ads and estimate what they're spending. Offer to run a pilot campaign.",https://www.google.com/maps/search/CRT+Towing+San+Antonio+TX
Annette M Zaharoff MD,,(210) 616-0646,,http://www.drzmd.com,"San Antonio, TX 78240",TX,,83,Medical,"$2,500",0.0,23,No,MED,Not mobile-friendly; No tracking pixels; Poor SEO on-page; No contact form; Low reviews; No ads detected; Weak SEO signals; Solid retainer potential ($2k+/mo),"PAIN: Annette M Zaharoff MD has under 50 reviews — struggling to build trust online; is running zero paid ads — competitors are capturing all the paid traffic; has no Analytics or Meta Pixel — can't measure or retarget. | OPPORTUNITY: Medical in San Antonio with estimated retainer value of $2,500/mo. High competition niche where digital presence = phone calls. | PITCH: Lead with paid ads audit. Show them competitors running ads and estimate what they're spending. Offer to run a pilot campaign.",https://www.google.com/maps/search/Annette+M+Zaharoff+MD+San+Antonio+TX
Mission  Plumbing Heating & AC,,,,,San Antonio,TX,,80,Plumbing,"$3,500",0.0,70,No,HIGH,No website; No ads detected; Weak SEO signals; High urgency niche; High retainer potential ($3k+/mo),"PAIN: Mission  Plumbing Heating & AC has no working website — losing every lead searching online; is running zero paid ads — competitors are capturing all the paid traffic. | OPPORTUNITY: Plumbing in San Antonio with estimated retainer value of $3,500/mo. High competition niche where digital presence = phone calls. | PITCH: Lead with website build + SEO package. Show them competitors who rank #1 and ask how many calls they think that generates.",https://www.google.com/maps/search/Mission++Plumbing+Heating+%26+AC+San+Antonio+TX
Rosenberg Plumbing & Air,,,,,San Antonio,TX,,80,Plumbing,"$3,500",0.0,52,No,HIGH,No website; No ads detected; Weak SEO signals; High urgency niche; High retainer potential ($3k+/mo),"PAIN: Rosenberg Plumbing & Air has no working website — losing every lead searching online; is running zero paid ads — competitors are capturing all the paid traffic. | OPPORTUNITY: Plumbing in San Antonio with estimated retainer value of $3,500/mo. High competition niche where digital presence = phone calls. | PITCH: Lead with website build + SEO package. Show them competitors who rank #1 and ask how many calls they think that generates.",https://www.google.com/maps/search/Rosenberg+Plumbing+%26+Air+San+Antonio+TX
Gueldner Electric Co.,,,,,San Antonio,TX,,80,Electrician,"$3,000",0.0,67,No,HIGH,No website; No ads detected; Weak SEO signals; High urgency niche; High retainer potential ($3k+/mo),"PAIN: Gueldner Electric Co. has no working website — losing every lead searching online; is running zero paid ads — competitors are capturing all the paid traffic. | OPPORTUNITY: Electrician in San Antonio with estimated retainer value of $3,000/mo. High competition niche where digital presence = phone calls. | PITCH: Lead with website build + SEO package. Show them competitors who rank #1 and ask how many calls they think that generates.",https://www.google.com/maps/search/Gueldner+Electric+Co.+San+Antonio+TX
TotalCom Management Inc,,(210) 417-9167,info@totalcom-inc.com,http://www.totalcom-inc.com,"San Antonio, TX 78216",TX,,80,Electrician,"$3,000",0.0,32,Yes,HIGH,No tracking pixels; Poor SEO on-page; Low reviews; No ads detected; Weak SEO signals; High urgency niche; High retainer potential ($3k+/mo),"PAIN: TotalCom Management Inc has under 50 reviews — struggling to build trust online; is running zero paid ads — competitors are capturing all the paid traffic; has no Analytics or Meta Pixel — can't measure or retarget. | OPPORTUNITY: Electrician in San Antonio with estimated retainer value of $3,000/mo. High competition niche where digital presence = phone calls. | PITCH: Lead with paid ads audit. Show them competitors running ads and estimate what they're spending. Offer to run a pilot campaign.",https://www.google.com/maps/search/TotalCom+Management+Inc+San+Antonio+TX
Amazing Carpet & Upholstery Cleaning,,(210) 909-6538,,,San Antonio,TX,,80,Restoration,"$4,500",0.0,115,No,HIGH,No website; No ads detected; Weak SEO signals; High urgency niche; High retainer potential ($3k+/mo),"PAIN: Amazing Carpet & Upholstery Cleaning has no working website — losing every lead searching online; is running zero paid ads — competitors are capturing all the paid traffic. | OPPORTUNITY: Restoration in San Antonio with estimated retainer value of $4,500/mo. High competition niche where digital presence = phone calls. | PITCH: Lead with website build + SEO package. Show them competitors who rank #1 and ask how many calls they think that generates.",https://www.google.com/maps/search/Amazing+Carpet+%26+Upholstery+Cleaning+San+Antonio+TX
Steam Master Carpet Cleaning,,(210) 698-6200,,http://www.steammastercleaning.com,"San Antonio, TX 78257",TX,,80,Restoration,"$4,500",0.0,7,No,HIGH,No tracking pixels; Poor SEO on-page; Almost no reviews; No ads detected; Some SEO issues; High urgency niche; High retainer potential ($3k+/mo),"PAIN: Steam Master Carpet Cleaning has almost no online reviews — invisible to new customers; is running zero paid ads — competitors are capturing all the paid traffic; has no Analytics or Meta Pixel — can't measure or retarget. | OPPORTUNITY: Restoration in San Antonio with estimated retainer value of $4,500/mo. High competition niche where digital presence = phone calls. | PITCH: Lead with paid ads audit. Show them competitors running ads and estimate what they're spending. Offer to run a pilot campaign.",https://www.google.com/maps/search/Steam+Master+Carpet+Cleaning+San+Antonio+TX
Rodriguez Fred G,,(210) 227-3404,,,"San Antonio, TX 78204",TX,,80,Law Firm,"$3,500",0.0,59,No,HIGH,No website; No ads detected; Weak SEO signals; High urgency niche; High retainer potential ($3k+/mo),"PAIN: Rodriguez Fred G has no working website — losing every lead searching online; is running zero paid ads — competitors are capturing all the paid traffic. | OPPORTUNITY: Law Firm in San Antonio with estimated retainer value of $3,500/mo. High competition niche where digital presence = phone calls. | PITCH: Lead with website build + SEO package. Show them competitors who rank #1 and ask how many calls they think that generates.",https://www.google.com/maps/search/Rodriguez+Fred+G+San+Antonio+TX
Deborah Diaz-Murphy DDS,,(210) 922-7772,,http://www.diazmurphy.com,"San Antonio, TX 78224",TX,,80,Dental,"$3,000",0.0,25,No,MED,Broken website; Low reviews; No ads detected; Weak SEO signals; High retainer potential ($3k+/mo),"PAIN: Deborah Diaz-Murphy DDS has no working website — losing every lead searching online; has under 50 reviews — struggling to build trust online; is running zero paid ads — competitors are capturing all the paid traffic. | OPPORTUNITY: Dental in San Antonio with estimated retainer value of $3,000/mo. High competition niche where digital presence = phone calls. | PITCH: Lead with paid ads audit. Show them competitors running ads and estimate what they're spending. Offer to run a pilot campaign.",https://www.google.com/maps/search/Deborah+Diaz-Murphy+DDS+San+Antonio+TX
Aspen Dental,,(800) 701-9698,,https://www.aspendental.com/dentist/tx/san-antonio/6603-w-loop-1604-n-ste101/?utm_source=YP&utm_medium=IYP,"San Antonio, TX 78254",TX,,80,Dental,"$3,000",0.0,11,No,MED,Broken website; Low reviews; No ads detected; Weak SEO signals; High retainer potential ($3k+/mo),"PAIN: Aspen Dental has no working website — losing every lead searching online; has under 50 reviews — struggling to build trust online; is running zero paid ads — competitors are capturing all the paid traffic. | OPPORTUNITY: Dental in San Antonio with estimated retainer value of $3,000/mo. High competition niche where digital presence = phone calls. | PITCH: Lead with paid ads audit. Show them competitors running ads and estimate what they're spending. Offer to run a pilot campaign.",https://www.google.com/maps/search/Aspen+Dental+San+Antonio+TX
Stone Oak Chiropractic,,(210) 545-2001,,http://www.stoneoakchiropractic.com,"San Antonio, TX 78258",TX,,80,Chiro,"$2,500",0.0,28,No,MED,Broken website; Low reviews; No ads detected; Weak SEO signals; Solid retainer potential ($2k+/mo),"PAIN: Stone Oak Chiropractic has no working website — losing every lead searching online; has under 50 reviews — struggling to build trust online; is running zero paid ads — competitors are capturing all the paid traffic. | OPPORTUNITY: Chiro in San Antonio with estimated retainer value of $2,500/mo. High competition niche where digital presence = phone calls. | PITCH: Lead with paid ads audit. Show them competitors running ads and estimate what they're spending. Offer to run a pilot campaign.",https://www.google.com/maps/search/Stone+Oak+Chiropractic+San+Antonio+TX
Ryan Chiropractic Clinic,,(210) 533-0506,,http://catherineryan.com,"San Antonio, TX 78223",TX,,80,Chiro,"$2,500",0.0,22,No,MED,Broken website; Low reviews; No ads detected; Weak SEO signals; Solid retainer potential ($2k+/mo),"PAIN: Ryan Chiropractic Clinic has no working website — losing every lead searching online; has under 50 reviews — struggling to build trust online; is running zero paid ads — competitors are capturing all the paid traffic. | OPPORTUNITY: Chiro in San Antonio with estimated retainer value of $2,500/mo. High competition niche where digital presence = phone calls. | PITCH: Lead with paid ads audit. Show them competitors running ads and estimate what they're spending. Offer to run a pilot campaign.",https://www.google.com/maps/search/Ryan+Chiropractic+Clinic+San+Antonio+TX
Skin Bliss Med Spa & Wellness,,(210) 593-9000,,http://www.skinblisshealthspa.com,"San Antonio, TX 78240",TX,,80,Med Spa,"$4,000",0.0,18,No,MED,Broken website; Low reviews; No ads detected; Weak SEO signals; High retainer potential ($3k+/mo),"PAIN: Skin Bliss Med Spa & Wellness has no working website — losing every lead searching online; has under 50 reviews — struggling to build trust online; is running zero paid ads — competitors are capturing all the paid traffic. | OPPORTUNITY: Med Spa in San Antonio with estimated retainer value of $4,000/mo. High competition niche where digital presence = phone calls. | PITCH: Lead with paid ads audit. Show them competitors running ads and estimate what they're spending. Offer to run a pilot campaign.",https://www.google.com/maps/search/Skin+Bliss+Med+Spa+%26+Wellness+San+Antonio+TX
"Thompson San Antonio - Riverwalk, by Hyatt",,(210) 876-1234,,http://www.thompsonsanantoniohotel.com,"San Antonio, TX 78205",TX,,80,Med Spa,"$4,000",0.0,5,No,MED,Broken website; Almost no reviews; No ads detected; Some SEO issues; High retainer potential ($3k+/mo),"PAIN: Thompson San Antonio - Riverwalk, by Hyatt has no working website — losing every lead searching online; has almost no online reviews — invisible to new customers; is running zero paid ads — competitors are capturing all the paid traffic. | OPPORTUNITY: Med Spa in San Antonio with estimated retainer value of $4,000/mo. High competition niche where digital presence = phone calls. | PITCH: Lead with paid ads audit. Show them competitors running ads and estimate what they're spending. Offer to run a pilot campaign.",https://www.google.com/maps/search/Thompson+San+Antonio+-+Riverwalk%2C+by+Hyatt+San+Antonio+TX
Mark Weinstein MD,,(210) 908-7304,,http://www.markweinsteintx.com,"San Antonio, TX 78229",TX,,80,Medical,"$3,000",0.0,47,No,MED,Broken website; Low reviews; No ads detected; Weak SEO signals; High retainer potential ($3k+/mo),"PAIN: Mark Weinstein MD has no working website — losing every lead searching online; has under 50 reviews — struggling to build trust online; is running zero paid ads — competitors are capturing all the paid traffic. | OPPORTUNITY: Medical in San Antonio with estimated retainer value of $3,000/mo. High competition niche where digital presence = phone calls. | PITCH: Lead with paid ads audit. Show them competitors running ads and estimate what they're spending. Offer to run a pilot campaign.",https://www.google.com/maps/search/Mark+Weinstein+MD+San+Antonio+TX
San Antonio Skin & Cancer Clinic,,(210) 899-4569,,http://www.markweinsteintx.com/,"San Antonio, TX 78229",TX,,80,Medical,"$3,000",0.0,37,No,MED,Broken website; Low reviews; No ads detected; Weak SEO signals; High retainer potential ($3k+/mo),"PAIN: San Antonio Skin & Cancer Clinic has no working website — losing every lead searching online; has under 50 reviews — struggling to build trust online; is running zero paid ads — competitors are capturing all the paid traffic. | OPPORTUNITY: Medical in San Antonio with estimated retainer value of $3,000/mo. High competition niche where digital presence = phone calls. | PITCH: Lead with paid ads audit. Show them competitors running ads and estimate what they're spending. Offer to run a pilot campaign.",https://www.google.com/maps/search/San+Antonio+Skin+%26+Cancer+Clinic+San+Antonio+TX
Stark Contractors,,(210) 744-6961,,,"San Antonio, TX 78245",TX,,80,Contractor,"$2,000",0.0,30,No,LOW,No website; Low reviews; No ads detected; Weak SEO signals; Solid retainer potential ($2k+/mo),"PAIN: Stark Contractors has no working website — losing every lead searching online; has under 50 reviews — struggling to build trust online; is running zero paid ads — competitors are capturing all the paid traffic. | OPPORTUNITY: Contractor in San Antonio with estimated retainer value of $2,000/mo. High competition niche where digital presence = phone calls. | PITCH: Lead with website build + SEO package. Show them competitors who rank #1 and ask how many calls they think that generates.",https://www.google.com/maps/search/Stark+Contractors+San+Antonio+TX
Land-N-Lawns LLC,,(210) 389-8209,mattgill@land-n-lawns.com,http://land-n-lawns.com,"San Antonio, TX 78250",TX,,80,Landscaping,"$2,000",0.0,2,Yes,LOW,Not mobile-friendly; No tracking pixels; Poor SEO on-page; Almost no reviews; No ads detected; Weak SEO signals; Solid retainer potential ($2k+/mo),"PAIN: Land-N-Lawns LLC has almost no online reviews — invisible to new customers; is running zero paid ads — competitors are capturing all the paid traffic; has no Analytics or Meta Pixel — can't measure or retarget. | OPPORTUNITY: Landscaping in San Antonio with estimated retainer value of $2,000/mo. High competition niche where digital presence = phone calls. | PITCH: Lead with paid ads audit. Show them competitors running ads and estimate what they're spending. Offer to run a pilot campaign.",https://www.google.com/maps/search/Land-N-Lawns+LLC+San+Antonio+TX
Billy Long Enterprises Inc,,(210) 496-7289,,,"San Antonio, TX 78216",TX,,80,Landscaping,"$2,000",0.0,37,No,LOW,No website; Low reviews; No ads detected; Weak SEO signals; Solid retainer potential ($2k+/mo),"PAIN: Billy Long Enterprises Inc has no working website — losing every lead searching online; has under 50 reviews — struggling to build trust online; is running zero paid ads — competitors are capturing all the paid traffic. | OPPORTUNITY: Landscaping in San Antonio with estimated retainer value of $2,000/mo. High competition niche where digital presence = phone calls. | PITCH: Lead with website build + SEO package. Show them competitors who rank #1 and ask how many calls they think that generates.",https://www.google.com/maps/search/Billy+Long+Enterprises+Inc+San+Antonio+TX
Nature's Own Services,,(210) 637-7733,,http://www.naturesownpestcontrol.org,"San Antonio, TX 78205",TX,,80,Pest Control,"$2,500",0.0,16,No,MED,Broken website; Low reviews; No ads detected; Weak SEO signals; Solid retainer potential ($2k+/mo),"PAIN: Nature's Own Services has no working website — losing every lead searching online; has under 50 reviews — struggling to build trust online; is running zero paid ads — competitors are capturing all the paid traffic. | OPPORTUNITY: Pest Control in San Antonio with estimated retainer value of $2,500/mo. High competition niche where digital presence = phone calls. | PITCH: Lead with paid ads audit. Show them competitors running ads and estimate what they're spending. Offer to run a pilot campaign.",https://www.google.com/maps/search/Nature%27s+Own+Services+San+Antonio+TX
S A Pool Repair,,(361) 249-0940,,,"San Antonio, TX 78218",TX,,80,Pool,"$2,000",0.0,20,No,LOW,No website; Low reviews; No ads detected; Weak SEO signals; Solid retainer potential ($2k+/mo),"PAIN: S A Pool Repair has no working website — losing every lead searching online; has under 50 reviews — struggling to build trust online; is running zero paid ads — competitors are capturing all the paid traffic. | OPPORTUNITY: Pool in San Antonio with estimated retainer value of $2,000/mo. High competition niche where digital presence = phone calls. | PITCH: Lead with website build + SEO package. Show them competitors who rank #1 and ask how many calls they think that generates.",https://www.google.com/maps/search/S+A+Pool+Repair+San+Antonio+TX
Ancira Volkswagen,,(210) 399-1517,,http://www.anciravolkswagen.com,"San Antonio, TX 78238",TX,,80,Auto Repair,"$1,500",0.0,15,No,MED,Broken website; Low reviews; No ads detected; Weak SEO signals; Standard retainer potential,"PAIN: Ancira Volkswagen has no working website — losing every lead searching online; has under 50 reviews — struggling to build trust online; is running zero paid ads — competitors are capturing all the paid traffic. | OPPORTUNITY: Auto Repair in San Antonio with estimated retainer value of $1,500/mo. High competition niche where digital presence = phone calls. | PITCH: Lead with paid ads audit. Show them competitors running ads and estimate what they're spending. Offer to run a pilot campaign.",https://www.google.com/maps/search/Ancira+Volkswagen+San+Antonio+TX
Texas  Patriot Towing,,(210) 717-3293,,http://www.texaspatriottowing.com,"San Antonio, TX 78216",TX,,80,Towing,"$2,000",0.0,46,No,HIGH,Slow website; No tracking pixels; Poor SEO on-page; Low reviews; No ads detected; Some SEO issues; High urgency niche; Solid retainer potential ($2k+/mo),"PAIN: Texas  Patriot Towing has under 50 reviews — struggling to build trust online; is running zero paid ads — competitors are capturing all the paid traffic; has no Analytics or Meta Pixel — can't measure or retarget. | OPPORTUNITY: Towing in San Antonio with estimated retainer value of $2,000/mo. High competition niche where digital presence = phone calls. | PITCH: Lead with paid ads audit. Show them competitors running ads and estimate what they're spending. Offer to run a pilot campaign.",https://www.google.com/maps/search/Texas++Patriot+Towing+San+Antonio+TX
Adventure to Fitness,,(210) 314-7594,,,"San Antonio, TX 78205",TX,,80,Fitness,"$1,500",0.0,31,No,LOW,No website; Low reviews; No ads detected; Weak SEO signals; Standard retainer potential,"PAIN: Adventure to Fitness has no working website — losing every lead searching online; has under 50 reviews — struggling to build trust online; is running zero paid ads — competitors are capturing all the paid traffic. | OPPORTUNITY: Fitness in San Antonio with estimated retainer value of $1,500/mo. High competition niche where digital presence = phone calls. | PITCH: Lead with website build + SEO package. Show them competitors who rank #1 and ask how many calls they think that generates.",https://www.google.com/maps/search/Adventure+to+Fitness+San+Antonio+TX
Sonterra Laser Med Spa,,(210) 545-3327,,http://www.sonterralaser.com,"San Antonio, TX 78258",TX,,80,Fitness,"$1,500",0.0,1,No,LOW,Broken website; Almost no reviews; No ads detected; Weak SEO signals; Standard retainer potential,"PAIN: Sonterra Laser Med Spa has no working website — losing every lead searching online; has almost no online reviews — invisible to new customers; is running zero paid ads — competitors are capturing all the paid traffic. | OPPORTUNITY: Fitness in San Antonio with estimated retainer value of $1,500/mo. High competition niche where digital presence = phone calls. | PITCH: Lead with paid ads audit. Show them competitors running ads and estimate what they're spending. Offer to run a pilot campaign.",https://www.google.com/maps/search/Sonterra+Laser+Med+Spa+San+Antonio+TX
FYZICAL Therapy & Balance Centers,,(210) 272-0055,,https://www.fyzical.com/evans-crossing-tx,"San Antonio, TX 78259",TX,,80,Fitness,"$1,500",0.0,5,No,LOW,Broken website; Almost no reviews; No ads detected; Weak SEO signals; Standard retainer potential,"PAIN: FYZICAL Therapy & Balance Centers has no working website — losing every lead searching online; has almost no online reviews — invisible to new customers; is running zero paid ads — competitors are capturing all the paid traffic. | OPPORTUNITY: Fitness in San Antonio with estimated retainer value of $1,500/mo. High competition niche where digital presence = phone calls. | PITCH: Lead with paid ads audit. Show them competitors running ads and estimate what they're spending. Offer to run a pilot campaign.",https://www.google.com/maps/search/FYZICAL+Therapy+%26+Balance+Centers+San+Antonio+TX
Promotion Physical Therapy PC,,(210) 479-3338,,http://promotionpt-sa.com,"San Antonio, TX 78248",TX,,80,Medical,"$2,500",0.0,21,No,MED,Broken website; Low reviews; No ads detected; Weak SEO signals; Solid retainer potential ($2k+/mo),"PAIN: Promotion Physical Therapy PC has no working website — losing every lead searching online; has under 50 reviews — struggling to build trust online; is running zero paid ads — competitors are capturing all the paid traffic. | OPPORTUNITY: Medical in San Antonio with estimated retainer value of $2,500/mo. High competition niche where digital presence = phone calls. | PITCH: Lead with paid ads audit. Show them competitors running ads and estimate what they're spending. Offer to run a pilot campaign.",https://www.google.com/maps/search/Promotion+Physical+Therapy+PC+San+Antonio+TX
Healthlink Cardiac Rehab - Downtown,,(210) 297-9820,,https://www.baptisthealthsystem.com/services/physical-therapy/healthlink-outpatient-rehab,"San Antonio, TX 78205",TX,,80,Medical,"$2,500",0.0,23,No,MED,Broken website; Low reviews; No ads detected; Weak SEO signals; Solid retainer potential ($2k+/mo),"PAIN: Healthlink Cardiac Rehab - Downtown has no working website — losing every lead searching online; has under 50 reviews — struggling to build trust online; is running zero paid ads — competitors are capturing all the paid traffic. | OPPORTUNITY: Medical in San Antonio with estimated retainer value of $2,500/mo. High competition niche where digital presence = phone calls. | PITCH: Lead with paid ads audit. Show them competitors running ads and estimate what they're spending. Offer to run a pilot campaign.",https://www.google.com/maps/search/Healthlink+Cardiac+Rehab+-+Downtown+San+Antonio+TX
Healthlink Physical Therapy - Downtown,,(210) 297-7725,,https://www.baptisthealthsystem.com/services/physical-therapy/healthlink-outpatient-rehab,"San Antonio, TX 78205",TX,,80,Medical,"$2,500",0.0,23,No,MED,Broken website; Low reviews; No ads detected; Weak SEO signals; Solid retainer potential ($2k+/mo),"PAIN: Healthlink Physical Therapy - Downtown has no working website — losing every lead searching online; has under 50 reviews — struggling to build trust online; is running zero paid ads — competitors are capturing all the paid traffic. | OPPORTUNITY: Medical in San Antonio with estimated retainer value of $2,500/mo. High competition niche where digital presence = phone calls. | PITCH: Lead with paid ads audit. Show them competitors running ads and estimate what they're spending. Offer to run a pilot campaign.",https://www.google.com/maps/search/Healthlink+Physical+Therapy+-+Downtown+San+Antonio+TX
Texas Physical Therapy Specialists,,(210) 964-7399,,https://www.texpts.com/location/san-antonio-alamo-heights,"San Antonio, TX 78209",TX,,80,Medical,"$2,500",0.0,21,No,MED,Broken website; Low reviews; No ads detected; Weak SEO signals; Solid retainer potential ($2k+/mo),"PAIN: Texas Physical Therapy Specialists has no working website — losing every lead searching online; has under 50 reviews — struggling to build trust online; is running zero paid ads — competitors are capturing all the paid traffic. | OPPORTUNITY: Medical in San Antonio with estimated retainer value of $2,500/mo. High competition niche where digital presence = phone calls. | PITCH: Lead with paid ads audit. Show them competitors running ads and estimate what they're spending. Offer to run a pilot campaign.",https://www.google.com/maps/search/Texas+Physical+Therapy+Specialists+San+Antonio+TX
Texas Physical Therapy Specialists,,(210) 904-0440,,https://www.texpts.com/location/san-antonio-city-base,"San Antonio, TX 78223",TX,,80,Medical,"$2,500",0.0,21,No,MED,Broken website; Low reviews; No ads detected; Weak SEO signals; Solid retainer potential ($2k+/mo),"PAIN: Texas Physical Therapy Specialists has no working website — losing every lead searching online; has under 50 reviews — struggling to build trust online; is running zero paid ads — competitors are capturing all the paid traffic. | OPPORTUNITY: Medical in San Antonio with estimated retainer value of $2,500/mo. High competition niche where digital presence = phone calls. | PITCH: Lead with paid ads audit. Show them competitors running ads and estimate what they're spending. Offer to run a pilot campaign.",https://www.google.com/maps/search/Texas+Physical+Therapy+Specialists+San+Antonio+TX
Texas Physical Therapy Specialists,,(210) 812-3827,,https://www.texpts.com/location/san-antonio-castle-hills,"San Antonio, TX 78213",TX,,80,Medical,"$2,500",0.0,21,No,MED,Broken website; Low reviews; No ads detected; Weak SEO signals; Solid retainer potential ($2k+/mo),"PAIN: Texas Physical Therapy Specialists has no working website — losing every lead searching online; has under 50 reviews — struggling to build trust online; is running zero paid ads — competitors are capturing all the paid traffic. | OPPORTUNITY: Medical in San Antonio with estimated retainer value of $2,500/mo. High competition niche where digital presence = phone calls. | PITCH: Lead with paid ads audit. Show them competitors running ads and estimate what they're spending. Offer to run a pilot campaign.",https://www.google.com/maps/search/Texas+Physical+Therapy+Specialists+San+Antonio+TX
Healthlink Physical Therapy - Medical Center,,(210) 541-0058,,https://www.baptisthealthsystem.com/services/physical-therapy/healthlink-outpatient-rehab,"San Antonio, TX 78229",TX,,80,Medical,"$2,500",0.0,23,No,MED,Broken website; Low reviews; No ads detected; Weak SEO signals; Solid retainer potential ($2k+/mo),"PAIN: Healthlink Physical Therapy - Medical Center has no working website — losing every lead searching online; has under 50 reviews — struggling to build trust online; is running zero paid ads — competitors are capturing all the paid traffic. | OPPORTUNITY: Medical in San Antonio with estimated retainer value of $2,500/mo. High competition niche where digital presence = phone calls. | PITCH: Lead with paid ads audit. Show them competitors running ads and estimate what they're spending. Offer to run a pilot campaign.",https://www.google.com/maps/search/Healthlink+Physical+Therapy+-+Medical+Center+San+Antonio+TX
Healthlink Physical Therapy - Northeast,,(210) 297-2725,,https://www.baptisthealthsystem.com/services/physical-therapy/healthlink-outpatient-rehab,"San Antonio, TX 78217",TX,,80,Medical,"$2,500",0.0,23,No,MED,Broken website; Low reviews; No ads detected; Weak SEO signals; Solid retainer potential ($2k+/mo),"PAIN: Healthlink Physical Therapy - Northeast has no working website — losing every lead searching online; has under 50 reviews — struggling to build trust online; is running zero paid ads — competitors are capturing all the paid traffic. | OPPORTUNITY: Medical in San Antonio with estimated retainer value of $2,500/mo. High competition niche where digital presence = phone calls. | PITCH: Lead with paid ads audit. Show them competitors running ads and estimate what they're spending. Offer to run a pilot campaign.",https://www.google.com/maps/search/Healthlink+Physical+Therapy+-+Northeast+San+Antonio+TX
Hairston Johnson & Assoc,,(210) 699-9500,,,"San Antonio, TX 78249",TX,,80,Salon,"$1,200",0.0,31,No,LOW,No website; Low reviews; No ads detected; Weak SEO signals; Standard retainer potential,"PAIN: Hairston Johnson & Assoc has no working website — losing every lead searching online; has under 50 reviews — struggling to build trust online; is running zero paid ads — competitors are capturing all the paid traffic. | OPPORTUNITY: Salon in San Antonio with estimated retainer value of $1,200/mo. High competition niche where digital presence = phone calls. | PITCH: Lead with website build + SEO package. Show them competitors who rank #1 and ask how many calls they think that generates.",https://www.google.com/maps/search/Hairston+Johnson+%26+Assoc+San+Antonio+TX
Images N Hair Salon,,(210) 590-7604,,http://www.imagesnhair.com,"San Antonio, TX 78232",TX,,80,Salon,"$1,200",0.0,1,No,LOW,Broken website; Almost no reviews; No ads detected; Weak SEO signals; Standard retainer potential,"PAIN: Images N Hair Salon has no working website — losing every lead searching online; has almost no online reviews — invisible to new customers; is running zero paid ads — competitors are capturing all the paid traffic. | OPPORTUNITY: Salon in San Antonio with estimated retainer value of $1,200/mo. High competition niche where digital presence = phone calls. | PITCH: Lead with paid ads audit. Show them competitors running ads and estimate what they're spending. Offer to run a pilot campaign.",https://www.google.com/maps/search/Images+N+Hair+Salon+San+Antonio+TX
Regis Salons,,(210) 561-5448,,http://www.regishairstylists.com,"San Antonio, TX 78256",TX,,80,Salon,"$1,200",0.0,1,No,LOW,Broken website; Almost no reviews; No ads detected; Weak SEO signals; Standard retainer potential,"PAIN: Regis Salons has no working website — losing every lead searching online; has almost no online reviews — invisible to new customers; is running zero paid ads — competitors are capturing all the paid traffic. | OPPORTUNITY: Salon in San Antonio with estimated retainer value of $1,200/mo. High competition niche where digital presence = phone calls. | PITCH: Lead with paid ads audit. Show them competitors running ads and estimate what they're spending. Offer to run a pilot campaign.",https://www.google.com/maps/search/Regis+Salons+San+Antonio+TX
Nails Studio,,(210) 465-7326,,http://nailsstudiohollywoodpark.com,"San Antonio, TX 78232",TX,,80,Salon,"$1,000",0.0,1,No,LOW,Broken website; Almost no reviews; No ads detected; Weak SEO signals; Standard retainer potential,"PAIN: Nails Studio has no working website — losing every lead searching online; has almost no online reviews — invisible to new customers; is running zero paid ads — competitors are capturing all the paid traffic. | OPPORTUNITY: Salon in San Antonio with estimated retainer value of $1,000/mo. High competition niche where digital presence = phone calls. | PITCH: Lead with paid ads audit. Show them competitors running ads and estimate what they're spending. Offer to run a pilot campaign.",https://www.google.com/maps/search/Nails+Studio+San+Antonio+TX
Crystal Nail,,(210) 979-8881,,,"San Antonio, TX 78229",TX,,80,Salon,"$1,000",0.0,31,No,LOW,No website; Low reviews; No ads detected; Weak SEO signals; Standard retainer potential,"PAIN: Crystal Nail has no working website — losing every lead searching online; has under 50 reviews — struggling to build trust online; is running zero paid ads — competitors are capturing all the paid traffic. | OPPORTUNITY: Salon in San Antonio with estimated retainer value of $1,000/mo. High competition niche where digital presence = phone calls. | PITCH: Lead with website build + SEO package. Show them competitors who rank #1 and ask how many calls they think that generates.",https://www.google.com/maps/search/Crystal+Nail+San+Antonio+TX
Automotive Fitness Center,,(210) 432-1166,,http://automotivefitnesscenter.localsearch.com,"San Antonio, TX 78228",TX,,78,HVAC,"$3,500",0.0,2,No,HIGH,No tracking pixels; No contact form; Almost no reviews; No ads detected; Some SEO issues; High urgency niche; High retainer potential ($3k+/mo),"PAIN: Automotive Fitness Center has almost no online reviews — invisible to new customers; is running zero paid ads — competitors are capturing all the paid traffic; has no Analytics or Meta Pixel — can't measure or retarget. | OPPORTUNITY: HVAC in San Antonio with estimated retainer value of $3,500/mo. High competition niche where digital presence = phone calls. | PITCH: Lead with paid ads audit. Show them competitors running ads and estimate what they're spending. Offer to run a pilot campaign.",https://www.google.com/maps/search/Automotive+Fitness+Center+San+Antonio+TX
GL Navarro Roofing Inc.,,(210) 521-9323,,http://glnavarroroofinginc.localsearch.com,"San Antonio, TX 78240",TX,,78,Roofing,"$4,000",0.0,7,No,HIGH,No tracking pixels; No contact form; Almost no reviews; No ads detected; Some SEO issues; High urgency niche; High retainer potential ($3k+/mo),"PAIN: GL Navarro Roofing Inc. has almost no online reviews — invisible to new customers; is running zero paid ads — competitors are capturing all the paid traffic; has no Analytics or Meta Pixel — can't measure or retarget. | OPPORTUNITY: Roofing in San Antonio with estimated retainer value of $4,000/mo. High competition niche where digital presence = phone calls. | PITCH: Lead with paid ads audit. Show them competitors running ads and estimate what they're spending. Offer to run a pilot campaign.",https://www.google.com/maps/search/GL+Navarro+Roofing+Inc.+San+Antonio+TX
Robles Electric,,(210) 480-0096,,http://www.robleselectricsa.com,"San Antonio, TX 78253",TX,,78,Electrician,"$3,000",0.0,5,No,HIGH,Not mobile-friendly; No tracking pixels; No contact form; Almost no reviews; No ads detected; High urgency niche; High retainer potential ($3k+/mo),"PAIN: Robles Electric has almost no online reviews — invisible to new customers; is running zero paid ads — competitors are capturing all the paid traffic; has no Analytics or Meta Pixel — can't measure or retarget. | OPPORTUNITY: Electrician in San Antonio with estimated retainer value of $3,000/mo. High competition niche where digital presence = phone calls. | PITCH: Lead with paid ads audit. Show them competitors running ads and estimate what they're spending. Offer to run a pilot campaign.",https://www.google.com/maps/search/Robles+Electric+San+Antonio+TX
Rapid Restoration,,(210) 310-5123,,http://rapidrestorationtx.localsearch.com,"San Antonio, TX 78218",TX,,78,Restoration,"$4,500",0.0,7,No,HIGH,No tracking pixels; No contact form; Almost no reviews; No ads detected; Some SEO issues; High urgency niche; High retainer potential ($3k+/mo),"PAIN: Rapid Restoration has almost no online reviews — invisible to new customers; is running zero paid ads — competitors are capturing all the paid traffic; has no Analytics or Meta Pixel — can't measure or retarget. | OPPORTUNITY: Restoration in San Antonio with estimated retainer value of $4,500/mo. High competition niche where digital presence = phone calls. | PITCH: Lead with paid ads audit. Show them competitors running ads and estimate what they're spending. Offer to run a pilot campaign.",https://www.google.com/maps/search/Rapid+Restoration+San+Antonio+TX
NTW Rebuilders,,(210) 281-4040,,http://ntwrebuilders.localsearch.com,San Antonio,TX,,78,Restoration,"$4,500",0.0,4,No,HIGH,No tracking pixels; No contact form; Almost no reviews; No ads detected; Some SEO issues; High urgency niche; High retainer potential ($3k+/mo),"PAIN: NTW Rebuilders has almost no online reviews — invisible to new customers; is running zero paid ads — competitors are capturing all the paid traffic; has no Analytics or Meta Pixel — can't measure or retarget. | OPPORTUNITY: Restoration in San Antonio with estimated retainer value of $4,500/mo. High competition niche where digital presence = phone calls. | PITCH: Lead with paid ads audit. Show them competitors running ads and estimate what they're spending. Offer to run a pilot campaign.",https://www.google.com/maps/search/NTW+Rebuilders+San+Antonio+TX
Great Northwest Chiropractic,,(210) 520-7833,,https://foursquare.com/v/great-northwest-animal/4e5fc1b8aeb7917cf7bd2c30,"San Antonio, TX 78251",TX,,78,Chiro,"$2,500",0.0,33,No,MED,No tracking pixels; Poor SEO on-page; No contact form; Low reviews; No ads detected; Weak SEO signals; Solid retainer potential ($2k+/mo),"PAIN: Great Northwest Chiropractic has under 50 reviews — struggling to build trust online; is running zero paid ads — competitors are capturing all the paid traffic; has no Analytics or Meta Pixel — can't measure or retarget. | OPPORTUNITY: Chiro in San Antonio with estimated retainer value of $2,500/mo. High competition niche where digital presence = phone calls. | PITCH: Lead with paid ads audit. Show them competitors running ads and estimate what they're spending. Offer to run a pilot campaign.",https://www.google.com/maps/search/Great+Northwest+Chiropractic+San+Antonio+TX
Spinal Care & Rehab Center,,(210) 681-3333,drclay@drclay.net,http://www.drclay.net,"San Antonio, TX 78238",TX,,78,Chiro,"$2,500",0.0,36,Yes,MED,No tracking pixels; Poor SEO on-page; No contact form; Low reviews; No ads detected; Weak SEO signals; Solid retainer potential ($2k+/mo),"PAIN: Spinal Care & Rehab Center has under 50 reviews — struggling to build trust online; is running zero paid ads — competitors are capturing all the paid traffic; has no Analytics or Meta Pixel — can't measure or retarget. | OPPORTUNITY: Chiro in San Antonio with estimated retainer value of $2,500/mo. High competition niche where digital presence = phone calls. | PITCH: Lead with paid ads audit. Show them competitors running ads and estimate what they're spending. Offer to run a pilot campaign.",https://www.google.com/maps/search/Spinal+Care+%26+Rehab+Center+San+Antonio+TX
Dermatology Associates of San Antonio,,(210) 657-9338,,http://dermsa.com,"San Antonio, TX 78233",TX,,78,Medical,"$3,000",0.0,34,No,MED,No tracking pixels; Poor SEO on-page; No contact form; Low reviews; No ads detected; Weak SEO signals; High retainer potential ($3k+/mo),"PAIN: Dermatology Associates of San Antonio has under 50 reviews — struggling to build trust online; is running zero paid ads — competitors are capturing all the paid traffic; has no Analytics or Meta Pixel — can't measure or retarget. | OPPORTUNITY: Medical in San Antonio with estimated retainer value of $3,000/mo. High competition niche where digital presence = phone calls. | PITCH: Lead with paid ads audit. Show them competitors running ads and estimate what they're spending. Offer to run a pilot campaign.",https://www.google.com/maps/search/Dermatology+Associates+of+San+Antonio+San+Antonio+TX
Abelia Sprinkler Repairs,,(210) 414-1099,,http://abeliasprinklers.com,"San Antonio, TX 78232",TX,,78,Landscaping,"$2,000",0.0,19,No,LOW,Not mobile-friendly; No tracking pixels; Poor SEO on-page; No contact form; Low reviews; No ads detected; Weak SEO signals; Solid retainer potential ($2k+/mo),"PAIN: Abelia Sprinkler Repairs has under 50 reviews — struggling to build trust online; is running zero paid ads — competitors are capturing all the paid traffic; has no Analytics or Meta Pixel — can't measure or retarget. | OPPORTUNITY: Landscaping in San Antonio with estimated retainer value of $2,000/mo. High competition niche where digital presence = phone calls. | PITCH: Lead with paid ads audit. Show them competitors running ads and estimate what they're spending. Offer to run a pilot campaign.",https://www.google.com/maps/search/Abelia+Sprinkler+Repairs+San+Antonio+TX
Lawn Works Landscaping & Irrigation,,(210) 862-1744,pauly3dotcom@icloud.com,http://www.lawnworks-sa.com,"San Antonio, TX 78255",TX,,78,Landscaping,"$2,000",0.0,31,Yes,LOW,Not mobile-friendly; No tracking pixels; Poor SEO on-page; No contact form; Low reviews; No ads detected; Weak SEO signals; Solid retainer potential ($2k+/mo),"PAIN: Lawn Works Landscaping & Irrigation has under 50 reviews — struggling to build trust online; is running zero paid ads — competitors are capturing all the paid traffic; has no Analytics or Meta Pixel — can't measure or retarget. | OPPORTUNITY: Landscaping in San Antonio with estimated retainer value of $2,000/mo. High competition niche where digital presence = phone calls. | PITCH: Lead with paid ads audit. Show them competitors running ads and estimate what they're spending. Offer to run a pilot campaign.",https://www.google.com/maps/search/Lawn+Works+Landscaping+%26+Irrigation+San+Antonio+TX
Mister B Termite & Pest Control,,(210) 306-4358,,http://www.misterbpestcontrol.com,"Converse, TX 78109",TX,,78,Pest Control,"$2,500",0.0,1,No,MED,No tracking pixels; Poor SEO on-page; No contact form; Almost no reviews; No ads detected; Some SEO issues; Solid retainer potential ($2k+/mo),"PAIN: Mister B Termite & Pest Control has almost no online reviews — invisible to new customers; is running zero paid ads — competitors are capturing all the paid traffic; has no Analytics or Meta Pixel — can't measure or retarget. | OPPORTUNITY: Pest Control in San Antonio with estimated retainer value of $2,500/mo. High competition niche where digital presence = phone calls. | PITCH: Lead with paid ads audit. Show them competitors running ads and estimate what they're spending. Offer to run a pilot campaign.",https://www.google.com/maps/search/Mister+B+Termite+%26+Pest+Control+San+Antonio+TX
Lupe's Towing,,(210) 394-4129,,http://lupestowing.localsearch.com,"San Antonio, TX 78207",TX,,78,Towing,"$2,000",0.0,1,No,HIGH,No tracking pixels; No contact form; Almost no reviews; No ads detected; Some SEO issues; High urgency niche; Solid retainer potential ($2k+/mo),"PAIN: Lupe's Towing has almost no online reviews — invisible to new customers; is running zero paid ads — competitors are capturing all the paid traffic; has no Analytics or Meta Pixel — can't measure or retarget. | OPPORTUNITY: Towing in San Antonio with estimated retainer value of $2,000/mo. High competition niche where digital presence = phone calls. | PITCH: Lead with paid ads audit. Show them competitors running ads and estimate what they're spending. Offer to run a pilot campaign.",https://www.google.com/maps/search/Lupe%27s+Towing+San+Antonio+TX
Rattler Towing,,(210) 862-1415,,http://rattlertowing.localsearch.com,"San Antonio, TX 78245",TX,,78,Towing,"$2,000",0.0,3,No,HIGH,No tracking pixels; No contact form; Almost no reviews; No ads detected; Some SEO issues; High urgency niche; Solid retainer potential ($2k+/mo),"PAIN: Rattler Towing has almost no online reviews — invisible to new customers; is running zero paid ads — competitors are capturing all the paid traffic; has no Analytics or Meta Pixel — can't measure or retarget. | OPPORTUNITY: Towing in San Antonio with estimated retainer value of $2,000/mo. High competition niche where digital presence = phone calls. | PITCH: Lead with paid ads audit. Show them competitors running ads and estimate what they're spending. Offer to run a pilot campaign.",https://www.google.com/maps/search/Rattler+Towing+San+Antonio+TX
Foxco Towing,,(210) 241-8100,,http://foxcotowing.localsearch.com,"San Antonio, TX 78216",TX,,78,Towing,"$2,000",0.0,3,No,HIGH,No tracking pixels; No contact form; Almost no reviews; No ads detected; Some SEO issues; High urgency niche; Solid retainer potential ($2k+/mo),"PAIN: Foxco Towing has almost no online reviews — invisible to new customers; is running zero paid ads — competitors are capturing all the paid traffic; has no Analytics or Meta Pixel — can't measure or retarget. | OPPORTUNITY: Towing in San Antonio with estimated retainer value of $2,000/mo. High competition niche where digital presence = phone calls. | PITCH: Lead with paid ads audit. Show them competitors running ads and estimate what they're spending. Offer to run a pilot campaign.",https://www.google.com/maps/search/Foxco+Towing+San+Antonio+TX
Supercuts,,(210) 637-0467,,https://www.supercuts.com/locations/nearme/haircut/tx/san-antonio/5114-broadway-st/82521,"San Antonio, TX 78209",TX,,78,Salon,"$1,200",0.0,2,No,LOW,No tracking pixels; Poor SEO on-page; No contact form; Almost no reviews; No ads detected; Weak SEO signals; Standard retainer potential,"PAIN: Supercuts has almost no online reviews — invisible to new customers; is running zero paid ads — competitors are capturing all the paid traffic; has no Analytics or Meta Pixel — can't measure or retarget. | OPPORTUNITY: Salon in San Antonio with estimated retainer value of $1,200/mo. High competition niche where digital presence = phone calls. | PITCH: Lead with paid ads audit. Show them competitors running ads and estimate what they're spending. Offer to run a pilot campaign.",https://www.google.com/maps/search/Supercuts+San+Antonio+TX
Westover Hills Laser Med Spa,,(210) 463-9033,,https://westoverhillsmedspa.com/privacy,"San Antonio, TX 78253",TX,,75,Med Spa,"$4,000",0.0,1,No,MED,Broken website; Almost no reviews; No ads detected; High retainer potential ($3k+/mo),"PAIN: Westover Hills Laser Med Spa has no working website — losing every lead searching online; has almost no online reviews — invisible to new customers; is running zero paid ads — competitors are capturing all the paid traffic. | OPPORTUNITY: Med Spa in San Antonio with estimated retainer value of $4,000/mo. High competition niche where digital presence = phone calls. | PITCH: Lead with paid ads audit. Show them competitors running ads and estimate what they're spending. Offer to run a pilot campaign.",https://www.google.com/maps/search/Westover+Hills+Laser+Med+Spa+San+Antonio+TX
Alamo  Painting Specialists,,(210) 679-7779,,http://www.alamopaintingspecialists.com,"San Antonio, TX 78237",TX,,75,Contractor,"$2,000",0.0,17,No,LOW,Broken website; Low reviews; No ads detected; Weak SEO signals; Solid retainer potential ($2k+/mo),"PAIN: Alamo  Painting Specialists has no working website — losing every lead searching online; has under 50 reviews — struggling to build trust online; is running zero paid ads — competitors are capturing all the paid traffic. | OPPORTUNITY: Contractor in San Antonio with estimated retainer value of $2,000/mo. High competition niche where digital presence = phone calls. | PITCH: Lead with paid ads audit. Show them competitors running ads and estimate what they're spending. Offer to run a pilot campaign.",https://www.google.com/maps/search/Alamo++Painting+Specialists+San+Antonio+TX
Preferred Landscape Lighting,,(210) 698-8576,,http://www.preferredlandscapetx.com,"San Antonio, TX 78257",TX,,75,Landscaping,"$2,000",0.0,31,No,LOW,Broken website; Low reviews; No ads detected; Weak SEO signals; Solid retainer potential ($2k+/mo),"PAIN: Preferred Landscape Lighting has no working website — losing every lead searching online; has under 50 reviews — struggling to build trust online; is running zero paid ads — competitors are capturing all the paid traffic. | OPPORTUNITY: Landscaping in San Antonio with estimated retainer value of $2,000/mo. High competition niche where digital presence = phone calls. | PITCH: Lead with paid ads audit. Show them competitors running ads and estimate what they're spending. Offer to run a pilot campaign.",https://www.google.com/maps/search/Preferred+Landscape+Lighting+San+Antonio+TX
Orkin Pest & Termite Control,,,,,San Antonio,TX,,75,Pest Control,"$2,500",0.0,125,No,MED,No website; No ads detected; Weak SEO signals; Solid retainer potential ($2k+/mo),"PAIN: Orkin Pest & Termite Control has no working website — losing every lead searching online; is running zero paid ads — competitors are capturing all the paid traffic. | OPPORTUNITY: Pest Control in San Antonio with estimated retainer value of $2,500/mo. High competition niche where digital presence = phone calls. | PITCH: Lead with website build + SEO package. Show them competitors who rank #1 and ask how many calls they think that generates.",https://www.google.com/maps/search/Orkin+Pest+%26+Termite+Control+San+Antonio+TX
Firestone Complete Auto Care,,,,,San Antonio,TX,,75,Auto Repair,"$1,500",0.0,100,No,MED,No website; No ads detected; Weak SEO signals; Standard retainer potential,"PAIN: Firestone Complete Auto Care has no working website — losing every lead searching online; is running zero paid ads — competitors are capturing all the paid traffic. | OPPORTUNITY: Auto Repair in San Antonio with estimated retainer value of $1,500/mo. High competition niche where digital presence = phone calls. | PITCH: Lead with website build + SEO package. Show them competitors who rank #1 and ask how many calls they think that generates.",https://www.google.com/maps/search/Firestone+Complete+Auto+Care+San+Antonio+TX
Infinity Nail & Spa,,(210) 352-5616,,http://infinitynailsa.com,"San Antonio, TX 78231",TX,,75,Salon,"$1,000",0.0,14,No,LOW,Broken website; Low reviews; No ads detected; Weak SEO signals; Standard retainer potential,"PAIN: Infinity Nail & Spa has no working website — losing every lead searching online; has under 50 reviews — struggling to build trust online; is running zero paid ads — competitors are capturing all the paid traffic. | OPPORTUNITY: Salon in San Antonio with estimated retainer value of $1,000/mo. High competition niche where digital presence = phone calls. | PITCH: Lead with paid ads audit. Show them competitors running ads and estimate what they're spending. Offer to run a pilot campaign.",https://www.google.com/maps/search/Infinity+Nail+%26+Spa+San+Antonio+TX
American Air Conditioning & Heating Company,,(210) 928-2665,quotes@americanairconditioningsa.com,http://www.americanairconditioningsa.com,"San Antonio, TX 78221",TX,,73,HVAC,"$3,500",0.0,19,Yes,HIGH,No tracking pixels; Poor SEO on-page; No contact form; Low reviews; No ads detected; High urgency niche; High retainer potential ($3k+/mo),"PAIN: American Air Conditioning & Heating Company has under 50 reviews — struggling to build trust online; is running zero paid ads — competitors are capturing all the paid traffic; has no Analytics or Meta Pixel — can't measure or retarget. | OPPORTUNITY: HVAC in San Antonio with estimated retainer value of $3,500/mo. High competition niche where digital presence = phone calls. | PITCH: Lead with paid ads audit. Show them competitors running ads and estimate what they're spending. Offer to run a pilot campaign.",https://www.google.com/maps/search/American+Air+Conditioning+%26+Heating+Company+San+Antonio+TX
Accu-Rite Roofing and Construction Services,,(210) 227-6807,info@accuriteroof.com,http://www.accuriteroof.com,"San Antonio, TX 78214",TX,,73,Roofing,"$4,000",0.0,1,Yes,HIGH,No tracking pixels; No contact form; Almost no reviews; No ads detected; High urgency niche; High retainer potential ($3k+/mo),"PAIN: Accu-Rite Roofing and Construction Services has almost no online reviews — invisible to new customers; is running zero paid ads — competitors are capturing all the paid traffic; has no Analytics or Meta Pixel — can't measure or retarget. | OPPORTUNITY: Roofing in San Antonio with estimated retainer value of $4,000/mo. High competition niche where digital presence = phone calls. | PITCH: Lead with paid ads audit. Show them competitors running ads and estimate what they're spending. Offer to run a pilot campaign.",https://www.google.com/maps/search/Accu-Rite+Roofing+and+Construction+Services+San+Antonio+TX
Estrada's Roofing,,(210) 629-5513,,http://estradasroofing.localsearch.com,"San Antonio, TX 78228",TX,,73,Roofing,"$4,000",0.0,15,No,HIGH,No tracking pixels; No contact form; Low reviews; No ads detected; Some SEO issues; High urgency niche; High retainer potential ($3k+/mo),"PAIN: Estrada's Roofing has under 50 reviews — struggling to build trust online; is running zero paid ads — competitors are capturing all the paid traffic; has no Analytics or Meta Pixel — can't measure or retarget. | OPPORTUNITY: Roofing in San Antonio with estimated retainer value of $4,000/mo. High competition niche where digital presence = phone calls. | PITCH: Lead with paid ads audit. Show them competitors running ads and estimate what they're spending. Offer to run a pilot campaign.",https://www.google.com/maps/search/Estrada%27s+Roofing+San+Antonio+TX
Durizon Roofing,,(210) 281-4092,,http://durizonroofing.localsearch.com,"San Antonio, TX 78217",TX,,73,Roofing,"$4,000",0.0,12,No,HIGH,No tracking pixels; No contact form; Low reviews; No ads detected; Some SEO issues; High urgency niche; High retainer potential ($3k+/mo),"PAIN: Durizon Roofing has under 50 reviews — struggling to build trust online; is running zero paid ads — competitors are capturing all the paid traffic; has no Analytics or Meta Pixel — can't measure or retarget. | OPPORTUNITY: Roofing in San Antonio with estimated retainer value of $4,000/mo. High competition niche where digital presence = phone calls. | PITCH: Lead with paid ads audit. Show them competitors running ads and estimate what they're spending. Offer to run a pilot campaign.",https://www.google.com/maps/search/Durizon+Roofing+San+Antonio+TX
Advanced Powder Coating,,(210) 650-0000,,http://advancedpowdercoating.localsearch.com,"San Antonio, TX 78217",TX,,73,Roofing,"$4,000",0.0,45,No,HIGH,No tracking pixels; No contact form; Low reviews; No ads detected; Some SEO issues; High urgency niche; High retainer potential ($3k+/mo),"PAIN: Advanced Powder Coating has under 50 reviews — struggling to build trust online; is running zero paid ads — competitors are capturing all the paid traffic; has no Analytics or Meta Pixel — can't measure or retarget. | OPPORTUNITY: Roofing in San Antonio with estimated retainer value of $4,000/mo. High competition niche where digital presence = phone calls. | PITCH: Lead with paid ads audit. Show them competitors running ads and estimate what they're spending. Offer to run a pilot campaign.",https://www.google.com/maps/search/Advanced+Powder+Coating+San+Antonio+TX
Davila Electric,,(210) 910-5750,your@email.com,https://www.davilaelectric.com,"San Antonio, TX 78201",TX,,73,Electrician,"$3,000",0.0,4,Yes,HIGH,No tracking pixels; No contact form; Almost no reviews; No ads detected; High urgency niche; High retainer potential ($3k+/mo),"PAIN: Davila Electric has almost no online reviews — invisible to new customers; is running zero paid ads — competitors are capturing all the paid traffic; has no Analytics or Meta Pixel — can't measure or retarget. | OPPORTUNITY: Electrician in San Antonio with estimated retainer value of $3,000/mo. High competition niche where digital presence = phone calls. | PITCH: Lead with paid ads audit. Show them competitors running ads and estimate what they're spending. Offer to run a pilot campaign.",https://www.google.com/maps/search/Davila+Electric+San+Antonio+TX
Arrow Key Service,,(210) 910-4283,nrkiolbassa@sbcglobal.net,http://www.arrowkeyservice.com,"San Antonio, TX 78230",TX,,73,Electrician,"$3,000",0.0,1,Yes,HIGH,No tracking pixels; No contact form; Almost no reviews; No ads detected; High urgency niche; High retainer potential ($3k+/mo),"PAIN: Arrow Key Service has almost no online reviews — invisible to new customers; is running zero paid ads — competitors are capturing all the paid traffic; has no Analytics or Meta Pixel — can't measure or retarget. | OPPORTUNITY: Electrician in San Antonio with estimated retainer value of $3,000/mo. High competition niche where digital presence = phone calls. | PITCH: Lead with paid ads audit. Show them competitors running ads and estimate what they're spending. Offer to run a pilot campaign.",https://www.google.com/maps/search/Arrow+Key+Service+San+Antonio+TX
Mission City Electric Inc,,(844) 345-5034,,http://missioncityelectricinc.localsearch.com,"San Antonio, TX 78219",TX,,73,Electrician,"$3,000",0.0,32,No,HIGH,No tracking pixels; No contact form; Low reviews; No ads detected; Some SEO issues; High urgency niche; High retainer potential ($3k+/mo),"PAIN: Mission City Electric Inc has under 50 reviews — struggling to build trust online; is running zero paid ads — competitors are capturing all the paid traffic; has no Analytics or Meta Pixel — can't measure or retarget. | OPPORTUNITY: Electrician in San Antonio with estimated retainer value of $3,000/mo. High competition niche where digital presence = phone calls. | PITCH: Lead with paid ads audit. Show them competitors running ads and estimate what they're spending. Offer to run a pilot campaign.",https://www.google.com/maps/search/Mission+City+Electric+Inc+San+Antonio+TX
Steamatic of San Antonio,,(210) 698-7100,charlie@mysteamatic.com,http://www.mysteamatic.com,"San Antonio, TX 78232",TX,,73,Restoration,"$4,500",0.0,3,Yes,HIGH,No tracking pixels; No contact form; Almost no reviews; No ads detected; High urgency niche; High retainer potential ($3k+/mo),"PAIN: Steamatic of San Antonio has almost no online reviews — invisible to new customers; is running zero paid ads — competitors are capturing all the paid traffic; has no Analytics or Meta Pixel — can't measure or retarget. | OPPORTUNITY: Restoration in San Antonio with estimated retainer value of $4,500/mo. High competition niche where digital presence = phone calls. | PITCH: Lead with paid ads audit. Show them competitors running ads and estimate what they're spending. Offer to run a pilot campaign.",https://www.google.com/maps/search/Steamatic+of+San+Antonio+San+Antonio+TX
San Antonio Water Damage & Restoration,,(210) 646-4379,info@water-damage.us,https://water-damage.us,"San Antonio, TX 78205",TX,,73,Restoration,"$4,500",0.0,3,Yes,HIGH,No tracking pixels; No contact form; Almost no reviews; No ads detected; High urgency niche; High retainer potential ($3k+/mo),"PAIN: San Antonio Water Damage & Restoration has almost no online reviews — invisible to new customers; is running zero paid ads — competitors are capturing all the paid traffic; has no Analytics or Meta Pixel — can't measure or retarget. | OPPORTUNITY: Restoration in San Antonio with estimated retainer value of $4,500/mo. High competition niche where digital presence = phone calls. | PITCH: Lead with paid ads audit. Show them competitors running ads and estimate what they're spending. Offer to run a pilot campaign.",https://www.google.com/maps/search/San+Antonio+Water+Damage+%26+Restoration+San+Antonio+TX
Carpet Cleaning San Antonio,,(210) 532-3222,,http://carpetcleaningsanantoniotx.localsearch.com,"San Antonio, TX 78210",TX,,73,Restoration,"$4,500",0.0,38,No,HIGH,No tracking pixels; No contact form; Low reviews; No ads detected; Some SEO issues; High urgency niche; High retainer potential ($3k+/mo),"PAIN: Carpet Cleaning San Antonio has under 50 reviews — struggling to build trust online; is running zero paid ads — competitors are capturing all the paid traffic; has no Analytics or Meta Pixel — can't measure or retarget. | OPPORTUNITY: Restoration in San Antonio with estimated retainer value of $4,500/mo. High competition niche where digital presence = phone calls. | PITCH: Lead with paid ads audit. Show them competitors running ads and estimate what they're spending. Offer to run a pilot campaign.",https://www.google.com/maps/search/Carpet+Cleaning+San+Antonio+San+Antonio+TX
Law Offices of Janice Maloney,,(844) 896-7895,dellak@janicemaloney.com,https://www.janice-maloney.com,"San Antonio, TX 78212",TX,,73,Law Firm,"$5,000",0.0,1,Yes,HIGH,No tracking pixels; No contact form; Almost no reviews; No ads detected; High urgency niche; High retainer potential ($3k+/mo),"PAIN: Law Offices of Janice Maloney has almost no online reviews — invisible to new customers; is running zero paid ads — competitors are capturing all the paid traffic; has no Analytics or Meta Pixel — can't measure or retarget. | OPPORTUNITY: Law Firm in San Antonio with estimated retainer value of $5,000/mo. High competition niche where digital presence = phone calls. | PITCH: Lead with paid ads audit. Show them competitors running ads and estimate what they're spending. Offer to run a pilot campaign.",https://www.google.com/maps/search/Law+Offices+of+Janice+Maloney+San+Antonio+TX
Law Office of Dinorah Diaz,,(210) 245-7064,caroline@dinorahdiazlaw.com,http://www.dinorahdiazlaw.com,"San Antonio, TX 78212",TX,,73,Law Firm,"$5,000",0.0,1,Yes,HIGH,No tracking pixels; No contact form; Almost no reviews; No ads detected; High urgency niche; High retainer potential ($3k+/mo),"PAIN: Law Office of Dinorah Diaz has almost no online reviews — invisible to new customers; is running zero paid ads — competitors are capturing all the paid traffic; has no Analytics or Meta Pixel — can't measure or retarget. | OPPORTUNITY: Law Firm in San Antonio with estimated retainer value of $5,000/mo. High competition niche where digital presence = phone calls. | PITCH: Lead with paid ads audit. Show them competitors running ads and estimate what they're spending. Offer to run a pilot campaign.",https://www.google.com/maps/search/Law+Office+of+Dinorah+Diaz+San+Antonio+TX
Brock And Brock,,(844) 919-5866,,http://brockandbrock.localsearch.com,"San Antonio, TX 78212",TX,,73,Law Firm,"$5,000",0.0,35,No,HIGH,No tracking pixels; No contact form; Low reviews; No ads detected; Some SEO issues; High urgency niche; High retainer potential ($3k+/mo),"PAIN: Brock And Brock has under 50 reviews — struggling to build trust online; is running zero paid ads — competitors are capturing all the paid traffic; has no Analytics or Meta Pixel — can't measure or retarget. | OPPORTUNITY: Law Firm in San Antonio with estimated retainer value of $5,000/mo. High competition niche where digital presence = phone calls. | PITCH: Lead with paid ads audit. Show them competitors running ads and estimate what they're spending. Offer to run a pilot campaign.",https://www.google.com/maps/search/Brock+And+Brock+San+Antonio+TX
John Paul Bogran Attorney At Law,,(210) 446-0084,,http://johnpaulbogranattorneyatlaw.localsearch.com,"San Antonio, TX 78201",TX,,73,Law Firm,"$5,000",0.0,42,No,HIGH,No tracking pixels; No contact form; Low reviews; No ads detected; Some SEO issues; High urgency niche; High retainer potential ($3k+/mo),"PAIN: John Paul Bogran Attorney At Law has under 50 reviews — struggling to build trust online; is running zero paid ads — competitors are capturing all the paid traffic; has no Analytics or Meta Pixel — can't measure or retarget. | OPPORTUNITY: Law Firm in San Antonio with estimated retainer value of $5,000/mo. High competition niche where digital presence = phone calls. | PITCH: Lead with paid ads audit. Show them competitors running ads and estimate what they're spending. Offer to run a pilot campaign.",https://www.google.com/maps/search/John+Paul+Bogran+Attorney+At+Law+San+Antonio+TX
Law Office of Ross Rodriguez,,(210) 526-4487,,http://lawofficeofrossrodriguez.localsearch.com,"San Antonio, TX 78204",TX,,73,Law Firm,"$3,500",0.0,26,No,HIGH,No tracking pixels; No contact form; Low reviews; No ads detected; Some SEO issues; High urgency niche; High retainer potential ($3k+/mo),"PAIN: Law Office of Ross Rodriguez has under 50 reviews — struggling to build trust online; is running zero paid ads — competitors are capturing all the paid traffic; has no Analytics or Meta Pixel — can't measure or retarget. | OPPORTUNITY: Law Firm in San Antonio with estimated retainer value of $3,500/mo. High competition niche where digital presence = phone calls. | PITCH: Lead with paid ads audit. Show them competitors running ads and estimate what they're spending. Offer to run a pilot campaign.",https://www.google.com/maps/search/Law+Office+of+Ross+Rodriguez+San+Antonio+TX
Law Office of Robert A. Valdez,,(210) 227-2401,,http://lawofficeofrobertavaldez.localsearch.com,"San Antonio, TX 78207",TX,,73,Law Firm,"$3,500",0.0,47,No,HIGH,No tracking pixels; No contact form; Low reviews; No ads detected; Some SEO issues; High urgency niche; High retainer potential ($3k+/mo),"PAIN: Law Office of Robert A. Valdez has under 50 reviews — struggling to build trust online; is running zero paid ads — competitors are capturing all the paid traffic; has no Analytics or Meta Pixel — can't measure or retarget. | OPPORTUNITY: Law Firm in San Antonio with estimated retainer value of $3,500/mo. High competition niche where digital presence = phone calls. | PITCH: Lead with paid ads audit. Show them competitors running ads and estimate what they're spending. Offer to run a pilot campaign.",https://www.google.com/maps/search/Law+Office+of+Robert+A.+Valdez+San+Antonio+TX
The Law Offices Of Russell T Doncouse,,(210) 829-8900,,http://thelawofficesofrusselltdoncouse.localsearch.com,"San Antonio, TX 78216",TX,,73,Law Firm,"$3,000",0.0,1,No,MED,No tracking pixels; No contact form; Almost no reviews; No ads detected; Some SEO issues; High retainer potential ($3k+/mo),"PAIN: The Law Offices Of Russell T Doncouse has almost no online reviews — invisible to new customers; is running zero paid ads — competitors are capturing all the paid traffic; has no Analytics or Meta Pixel — can't measure or retarget. | OPPORTUNITY: Law Firm in San Antonio with estimated retainer value of $3,000/mo. High competition niche where digital presence = phone calls. | PITCH: Lead with paid ads audit. Show them competitors running ads and estimate what they're spending. Offer to run a pilot campaign.",https://www.google.com/maps/search/The+Law+Offices+Of+Russell+T+Doncouse+San+Antonio+TX
Dana King Dds Dds,,(210) 829-7826,contact@complementarydental.com,http://www.danahodgeking.com,"San Antonio, TX 78209",TX,,73,Dental,"$3,000",0.0,31,Yes,MED,Not mobile-friendly; No tracking pixels; No contact form; Low reviews; No ads detected; Some SEO issues; High retainer potential ($3k+/mo),"PAIN: Dana King Dds Dds has under 50 reviews — struggling to build trust online; is running zero paid ads — competitors are capturing all the paid traffic; has no Analytics or Meta Pixel — can't measure or retarget. | OPPORTUNITY: Dental in San Antonio with estimated retainer value of $3,000/mo. High competition niche where digital presence = phone calls. | PITCH: Lead with paid ads audit. Show them competitors running ads and estimate what they're spending. Offer to run a pilot campaign.",https://www.google.com/maps/search/Dana+King+Dds+Dds+San+Antonio+TX
Fielden Chiropractic and Consulting,,(210) 446-0041,,http://fieldenchiropracticandconsulting.localsearch.com,"San Antonio, TX 78258",TX,,73,Chiro,"$2,500",0.0,1,No,MED,No tracking pixels; No contact form; Almost no reviews; No ads detected; Some SEO issues; Solid retainer potential ($2k+/mo),"PAIN: Fielden Chiropractic and Consulting has almost no online reviews — invisible to new customers; is running zero paid ads — competitors are capturing all the paid traffic; has no Analytics or Meta Pixel — can't measure or retarget. | OPPORTUNITY: Chiro in San Antonio with estimated retainer value of $2,500/mo. High competition niche where digital presence = phone calls. | PITCH: Lead with paid ads audit. Show them competitors running ads and estimate what they're spending. Offer to run a pilot campaign.",https://www.google.com/maps/search/Fielden+Chiropractic+and+Consulting+San+Antonio+TX
South Texas Chiropractic,,(210) 495-0888,,http://southtexaschiropractic.localsearch.com,"San Antonio, TX 78258",TX,,73,Chiro,"$2,500",0.0,1,No,MED,No tracking pixels; No contact form; Almost no reviews; No ads detected; Some SEO issues; Solid retainer potential ($2k+/mo),"PAIN: South Texas Chiropractic has almost no online reviews — invisible to new customers; is running zero paid ads — competitors are capturing all the paid traffic; has no Analytics or Meta Pixel — can't measure or retarget. | OPPORTUNITY: Chiro in San Antonio with estimated retainer value of $2,500/mo. High competition niche where digital presence = phone calls. | PITCH: Lead with paid ads audit. Show them competitors running ads and estimate what they're spending. Offer to run a pilot campaign.",https://www.google.com/maps/search/South+Texas+Chiropractic+San+Antonio+TX
Edan's Med Spa,,(210) 348-8089,,http://www.edansmedspa.com,"San Antonio, TX 78229",TX,,73,Med Spa,"$4,000",0.0,11,No,MED,Slow website; Poor SEO on-page; No contact form; Low reviews; No ads detected; Some SEO issues; High retainer potential ($3k+/mo),"PAIN: Edan's Med Spa has under 50 reviews — struggling to build trust online; is running zero paid ads — competitors are capturing all the paid traffic. | OPPORTUNITY: Med Spa in San Antonio with estimated retainer value of $4,000/mo. High competition niche where digital presence = phone calls. | PITCH: Lead with paid ads audit. Show them competitors running ads and estimate what they're spending. Offer to run a pilot campaign.",https://www.google.com/maps/search/Edan%27s+Med+Spa+San+Antonio+TX
Champion Painting,,(210) 426-6107,,http://championpaintingtx.localsearch.com,"San Antonio, TX 78233",TX,,73,Contractor,"$2,500",0.0,6,No,MED,No tracking pixels; No contact form; Almost no reviews; No ads detected; Some SEO issues; Solid retainer potential ($2k+/mo),"PAIN: Champion Painting has almost no online reviews — invisible to new customers; is running zero paid ads — competitors are capturing all the paid traffic; has no Analytics or Meta Pixel — can't measure or retarget. | OPPORTUNITY: Contractor in San Antonio with estimated retainer value of $2,500/mo. High competition niche where digital presence = phone calls. | PITCH: Lead with paid ads audit. Show them competitors running ads and estimate what they're spending. Offer to run a pilot campaign.",https://www.google.com/maps/search/Champion+Painting+San+Antonio+TX
Design Tech Homes,,(830) 980-5558,,http://designtechhomes21556805.localsearch.com,"San Antonio, TX 78258",TX,,73,Contractor,"$2,500",0.0,9,No,MED,No tracking pixels; No contact form; Almost no reviews; No ads detected; Some SEO issues; Solid retainer potential ($2k+/mo),"PAIN: Design Tech Homes has almost no online reviews — invisible to new customers; is running zero paid ads — competitors are capturing all the paid traffic; has no Analytics or Meta Pixel — can't measure or retarget. | OPPORTUNITY: Contractor in San Antonio with estimated retainer value of $2,500/mo. High competition niche where digital presence = phone calls. | PITCH: Lead with paid ads audit. Show them competitors running ads and estimate what they're spending. Offer to run a pilot campaign.",https://www.google.com/maps/search/Design+Tech+Homes+San+Antonio+TX
Lenz Contractors Inc. & Home Center,,(210) 340-4412,,http://lenzcontractorsinchomecenter.localsearch.com,"San Antonio, TX 78230",TX,,73,Contractor,"$2,500",0.0,9,No,MED,No tracking pixels; No contact form; Almost no reviews; No ads detected; Some SEO issues; Solid retainer potential ($2k+/mo),"PAIN: Lenz Contractors Inc. & Home Center has almost no online reviews — invisible to new customers; is running zero paid ads — competitors are capturing all the paid traffic; has no Analytics or Meta Pixel — can't measure or retarget. | OPPORTUNITY: Contractor in San Antonio with estimated retainer value of $2,500/mo. High competition niche where digital presence = phone calls. | PITCH: Lead with paid ads audit. Show them competitors running ads and estimate what they're spending. Offer to run a pilot campaign.",https://www.google.com/maps/search/Lenz+Contractors+Inc.+%26+Home+Center+San+Antonio+TX
Adams Home Inspection Service,,(210) 305-7145,,http://adamsinspectionservice.com,San Antonio,TX,,73,Pest Control,"$2,500",0.0,4,No,MED,No tracking pixels; No contact form; Almost no reviews; No ads detected; Some SEO issues; Solid retainer potential ($2k+/mo),"PAIN: Adams Home Inspection Service has almost no online reviews — invisible to new customers; is running zero paid ads — competitors are capturing all the paid traffic; has no Analytics or Meta Pixel — can't measure or retarget. | OPPORTUNITY: Pest Control in San Antonio with estimated retainer value of $2,500/mo. High competition niche where digital presence = phone calls. | PITCH: Lead with paid ads audit. Show them competitors running ads and estimate what they're spending. Offer to run a pilot campaign.",https://www.google.com/maps/search/Adams+Home+Inspection+Service+San+Antonio+TX
Auto Masters Collision Center,,(210) 832-8951,,http://automasterscollisioncenter.localsearch.com,"San Antonio, TX 78217",TX,,73,Auto Repair,"$1,500",0.0,1,No,MED,No tracking pixels; No contact form; Almost no reviews; No ads detected; Some SEO issues; Standard retainer potential,"PAIN: Auto Masters Collision Center has almost no online reviews — invisible to new customers; is running zero paid ads — competitors are capturing all the paid traffic; has no Analytics or Meta Pixel — can't measure or retarget. | OPPORTUNITY: Auto Repair in San Antonio with estimated retainer value of $1,500/mo. High competition niche where digital presence = phone calls. | PITCH: Lead with paid ads audit. Show them competitors running ads and estimate what they're spending. Offer to run a pilot campaign.",https://www.google.com/maps/search/Auto+Masters+Collision+Center+San+Antonio+TX
Diamond Detail of San Antonio,,(210) 867-7661,,http://diamonddetailofsanantoniotx.localsearch.com,"San Antonio, TX 78245",TX,,73,Auto Repair,"$1,500",0.0,1,No,MED,No tracking pixels; No contact form; Almost no reviews; No ads detected; Some SEO issues; Standard retainer potential,"PAIN: Diamond Detail of San Antonio has almost no online reviews — invisible to new customers; is running zero paid ads — competitors are capturing all the paid traffic; has no Analytics or Meta Pixel — can't measure or retarget. | OPPORTUNITY: Auto Repair in San Antonio with estimated retainer value of $1,500/mo. High competition niche where digital presence = phone calls. | PITCH: Lead with paid ads audit. Show them competitors running ads and estimate what they're spending. Offer to run a pilot campaign.",https://www.google.com/maps/search/Diamond+Detail+of+San+Antonio+San+Antonio+TX
Bumper Fix. Net,,(210) 481-0800,,http://bumperfixnet.localsearch.com,"San Antonio, TX 78217",TX,,73,Auto Repair,"$1,500",0.0,4,No,MED,No tracking pixels; No contact form; Almost no reviews; No ads detected; Some SEO issues; Standard retainer potential,"PAIN: Bumper Fix. Net has almost no online reviews — invisible to new customers; is running zero paid ads — competitors are capturing all the paid traffic; has no Analytics or Meta Pixel — can't measure or retarget. | OPPORTUNITY: Auto Repair in San Antonio with estimated retainer value of $1,500/mo. High competition niche where digital presence = phone calls. | PITCH: Lead with paid ads audit. Show them competitors running ads and estimate what they're spending. Offer to run a pilot campaign.",https://www.google.com/maps/search/Bumper+Fix.+Net+San+Antonio+TX
Signature Automotive,,(210) 701-1349,,http://signatureautomotivetx.localsearch.com,"San Antonio, TX 78254",TX,,73,Auto Repair,"$1,500",0.0,9,No,MED,No tracking pixels; No contact form; Almost no reviews; No ads detected; Some SEO issues; Standard retainer potential,"PAIN: Signature Automotive has almost no online reviews — invisible to new customers; is running zero paid ads — competitors are capturing all the paid traffic; has no Analytics or Meta Pixel — can't measure or retarget. | OPPORTUNITY: Auto Repair in San Antonio with estimated retainer value of $1,500/mo. High competition niche where digital presence = phone calls. | PITCH: Lead with paid ads audit. Show them competitors running ads and estimate what they're spending. Offer to run a pilot campaign.",https://www.google.com/maps/search/Signature+Automotive+San+Antonio+TX
Garcia's Towing,,(210) 390-5779,your@email.com,https://garciastowing24-7.com/?utm_source=omg-gbp&utm_medium=webclick,"San Antonio, TX 78223",TX,,73,Towing,"$2,000",0.0,4,Yes,HIGH,No tracking pixels; No contact form; Almost no reviews; No ads detected; High urgency niche; Solid retainer potential ($2k+/mo),"PAIN: Garcia's Towing has almost no online reviews — invisible to new customers; is running zero paid ads — competitors are capturing all the paid traffic; has no Analytics or Meta Pixel — can't measure or retarget. | OPPORTUNITY: Towing in San Antonio with estimated retainer value of $2,000/mo. High competition niche where digital presence = phone calls. | PITCH: Lead with paid ads audit. Show them competitors running ads and estimate what they're spending. Offer to run a pilot campaign.",https://www.google.com/maps/search/Garcia%27s+Towing+San+Antonio+TX
Superior Truck and Trailer Repair,,(210) 372-6616,,http://superiortruckandtrailerrepair.localsearch.com,"San Antonio, TX 78264",TX,,73,Towing,"$2,000",0.0,26,No,HIGH,No tracking pixels; No contact form; Low reviews; No ads detected; Some SEO issues; High urgency niche; Solid retainer potential ($2k+/mo),"PAIN: Superior Truck and Trailer Repair has under 50 reviews — struggling to build trust online; is running zero paid ads — competitors are capturing all the paid traffic; has no Analytics or Meta Pixel — can't measure or retarget. | OPPORTUNITY: Towing in San Antonio with estimated retainer value of $2,000/mo. High competition niche where digital presence = phone calls. | PITCH: Lead with paid ads audit. Show them competitors running ads and estimate what they're spending. Offer to run a pilot campaign.",https://www.google.com/maps/search/Superior+Truck+and+Trailer+Repair+San+Antonio+TX
Allstar Towing,,(210) 279-3260,,http://allstartowing472016861.localsearch.com,"San Antonio, TX 78232",TX,,73,Towing,"$2,000",0.0,13,No,HIGH,No tracking pixels; No contact form; Low reviews; No ads detected; Some SEO issues; High urgency niche; Solid retainer potential ($2k+/mo),"PAIN: Allstar Towing has under 50 reviews — struggling to build trust online; is running zero paid ads — competitors are capturing all the paid traffic; has no Analytics or Meta Pixel — can't measure or retarget. | OPPORTUNITY: Towing in San Antonio with estimated retainer value of $2,000/mo. High competition niche where digital presence = phone calls. | PITCH: Lead with paid ads audit. Show them competitors running ads and estimate what they're spending. Offer to run a pilot campaign.",https://www.google.com/maps/search/Allstar+Towing+San+Antonio+TX
Rose Chinese Massage,,(210) 735-3333,,http://rosechinesemassage.localsearch.com,"San Antonio, TX 78201",TX,,73,Medical,"$2,500",0.0,2,No,MED,No tracking pixels; No contact form; Almost no reviews; No ads detected; Some SEO issues; Solid retainer potential ($2k+/mo),"PAIN: Rose Chinese Massage has almost no online reviews — invisible to new customers; is running zero paid ads — competitors are capturing all the paid traffic; has no Analytics or Meta Pixel — can't measure or retarget. | OPPORTUNITY: Medical in San Antonio with estimated retainer value of $2,500/mo. High competition niche where digital presence = phone calls. | PITCH: Lead with paid ads audit. Show them competitors running ads and estimate what they're spending. Offer to run a pilot campaign.",https://www.google.com/maps/search/Rose+Chinese+Massage+San+Antonio+TX
Rios Golden Cut,,(210) 590-2412,info@riosgoldencut.com,http://www.riosgoldencut.com,"San Antonio, TX 78217",TX,,73,Salon,"$1,000",0.0,7,Yes,LOW,No tracking pixels; Poor SEO on-page; No contact form; Almost no reviews; No ads detected; Some SEO issues; Standard retainer potential,"PAIN: Rios Golden Cut has almost no online reviews — invisible to new customers; is running zero paid ads — competitors are capturing all the paid traffic; has no Analytics or Meta Pixel — can't measure or retarget. | OPPORTUNITY: Salon in San Antonio with estimated retainer value of $1,000/mo. High competition niche where digital presence = phone calls. | PITCH: Lead with paid ads audit. Show them competitors running ads and estimate what they're spending. Offer to run a pilot campaign.",https://www.google.com/maps/search/Rios+Golden+Cut+San+Antonio+TX
Rios Golden Cut,,(210) 733-5935,info@riosgoldencut.com,http://www.riosgoldencut.com,"San Antonio, TX 78213",TX,,73,Salon,"$1,000",0.0,4,Yes,LOW,No tracking pixels; Poor SEO on-page; No contact form; Almost no reviews; No ads detected; Some SEO issues; Standard retainer potential,"PAIN: Rios Golden Cut has almost no online reviews — invisible to new customers; is running zero paid ads — competitors are capturing all the paid traffic; has no Analytics or Meta Pixel — can't measure or retarget. | OPPORTUNITY: Salon in San Antonio with estimated retainer value of $1,000/mo. High competition niche where digital presence = phone calls. | PITCH: Lead with paid ads audit. Show them competitors running ads and estimate what they're spending. Offer to run a pilot campaign.",https://www.google.com/maps/search/Rios+Golden+Cut+San+Antonio+TX
"Roofing Supply Group, S.A.",,(210) 650-3460,,http://roofingsupplygroup.com,"San Antonio, TX 78217",TX,,70,Roofing,"$4,000",0.0,47,No,HIGH,No tracking pixels; Low reviews; No ads detected; Some SEO issues; High urgency niche; High retainer potential ($3k+/mo),"PAIN: Roofing Supply Group, S.A. has under 50 reviews — struggling to build trust online; is running zero paid ads — competitors are capturing all the paid traffic; has no Analytics or Meta Pixel — can't measure or retarget. | OPPORTUNITY: Roofing in San Antonio with estimated retainer value of $4,000/mo. High competition niche where digital presence = phone calls. | PITCH: Lead with paid ads audit. Show them competitors running ads and estimate what they're spending. Offer to run a pilot campaign.",https://www.google.com/maps/search/Roofing+Supply+Group%2C+S.A.+San+Antonio+TX
Best Carpet Cleaning Experts,,(210) 857-0682,,http://www.bestcarpetcleaningexperts.com,"San Antonio, TX 78216",TX,,70,Restoration,"$4,500",0.0,3,No,HIGH,No tracking pixels; Almost no reviews; No ads detected; High urgency niche; High retainer potential ($3k+/mo),"PAIN: Best Carpet Cleaning Experts has almost no online reviews — invisible to new customers; is running zero paid ads — competitors are capturing all the paid traffic; has no Analytics or Meta Pixel — can't measure or retarget. | OPPORTUNITY: Restoration in San Antonio with estimated retainer value of $4,500/mo. High competition niche where digital presence = phone calls. | PITCH: Lead with paid ads audit. Show them competitors running ads and estimate what they're spending. Offer to run a pilot campaign.",https://www.google.com/maps/search/Best+Carpet+Cleaning+Experts+San+Antonio+TX
South TX Family Law,,(210) 655-9090,,http://www.ldheard.com,"San Antonio, TX 78232",TX,,70,Law Firm,"$3,500",0.0,2,No,HIGH,Slow website; Almost no reviews; No ads detected; High urgency niche; High retainer potential ($3k+/mo),"PAIN: South TX Family Law has almost no online reviews — invisible to new customers; is running zero paid ads — competitors are capturing all the paid traffic. | OPPORTUNITY: Law Firm in San Antonio with estimated retainer value of $3,500/mo. High competition niche where digital presence = phone calls. | PITCH: Lead with paid ads audit. Show them competitors running ads and estimate what they're spending. Offer to run a pilot campaign.",https://www.google.com/maps/search/South+TX+Family+Law+San+Antonio+TX
SculptAway,,(210) 227-3051,,http://www.sculptaway.com,"San Antonio, TX 78230",TX,,70,Med Spa,"$4,000",0.0,1,No,MED,Slow website; No tracking pixels; Almost no reviews; No ads detected; High retainer potential ($3k+/mo),"PAIN: SculptAway has almost no online reviews — invisible to new customers; is running zero paid ads — competitors are capturing all the paid traffic; has no Analytics or Meta Pixel — can't measure or retarget. | OPPORTUNITY: Med Spa in San Antonio with estimated retainer value of $4,000/mo. High competition niche where digital presence = phone calls. | PITCH: Lead with paid ads audit. Show them competitors running ads and estimate what they're spending. Offer to run a pilot campaign.",https://www.google.com/maps/search/SculptAway+San+Antonio+TX
"Chad M Hivnor, MD",,(210) 490-4661,,https://www.epiphanydermatology.com/providers/chad-hivnor-md,"San Antonio, TX 78258",TX,,70,Medical,"$3,000",0.0,7,No,MED,No tracking pixels; Poor SEO on-page; Almost no reviews; No ads detected; High retainer potential ($3k+/mo),"PAIN: Chad M Hivnor, MD has almost no online reviews — invisible to new customers; is running zero paid ads — competitors are capturing all the paid traffic; has no Analytics or Meta Pixel — can't measure or retarget. | OPPORTUNITY: Medical in San Antonio with estimated retainer value of $3,000/mo. High competition niche where digital presence = phone calls. | PITCH: Lead with paid ads audit. Show them competitors running ads and estimate what they're spending. Offer to run a pilot campaign.",https://www.google.com/maps/search/Chad+M+Hivnor%2C+MD+San+Antonio+TX
"David L Shriner, MD",,(210) 490-4661,,https://www.epiphanydermatology.com/providers/david-l-shriner-md-mph,"San Antonio, TX 78258",TX,,70,Medical,"$3,000",0.0,6,No,MED,No tracking pixels; Poor SEO on-page; Almost no reviews; No ads detected; High retainer potential ($3k+/mo),"PAIN: David L Shriner, MD has almost no online reviews — invisible to new customers; is running zero paid ads — competitors are capturing all the paid traffic; has no Analytics or Meta Pixel — can't measure or retarget. | OPPORTUNITY: Medical in San Antonio with estimated retainer value of $3,000/mo. High competition niche where digital presence = phone calls. | PITCH: Lead with paid ads audit. Show them competitors running ads and estimate what they're spending. Offer to run a pilot campaign.",https://www.google.com/maps/search/David+L+Shriner%2C+MD+San+Antonio+TX
Sunray Pool Service Co,,(210) 637-0044,:office@sunraypool.com,http://sunraypool.com,"San Antonio, TX 78233",TX,,70,Pool,"$2,000",0.0,1,Yes,LOW,Slow website; Poor SEO on-page; Almost no reviews; No ads detected; Some SEO issues; Solid retainer potential ($2k+/mo),"PAIN: Sunray Pool Service Co has almost no online reviews — invisible to new customers; is running zero paid ads — competitors are capturing all the paid traffic. | OPPORTUNITY: Pool in San Antonio with estimated retainer value of $2,000/mo. High competition niche where digital presence = phone calls. | PITCH: Lead with paid ads audit. Show them competitors running ads and estimate what they're spending. Offer to run a pilot campaign.",https://www.google.com/maps/search/Sunray+Pool+Service+Co+San+Antonio+TX
Jon Wayne Service Company,,(830) 217-3095,,https://jonwayne.com/service-area/san-antonio,"San Antonio, TX 78263",TX,,68,HVAC,"$3,500",0.0,49,No,HIGH,No tracking pixels; No contact form; Low reviews; No ads detected; High urgency niche; High retainer potential ($3k+/mo),"PAIN: Jon Wayne Service Company has under 50 reviews — struggling to build trust online; is running zero paid ads — competitors are capturing all the paid traffic; has no Analytics or Meta Pixel — can't measure or retarget. | OPPORTUNITY: HVAC in San Antonio with estimated retainer value of $3,500/mo. High competition niche where digital presence = phone calls. | PITCH: Lead with paid ads audit. Show them competitors running ads and estimate what they're spending. Offer to run a pilot campaign.",https://www.google.com/maps/search/Jon+Wayne+Service+Company+San+Antonio+TX
855 Rhino Help,,(855) 744-6643,info@855rhinohelp.com,https://855rhinohelp.com/terms-of-service,"San Antonio, TX 78254",TX,,68,Restoration,"$4,500",0.0,10,Yes,HIGH,No tracking pixels; No contact form; Low reviews; No ads detected; High urgency niche; High retainer potential ($3k+/mo),"PAIN: 855 Rhino Help has under 50 reviews — struggling to build trust online; is running zero paid ads — competitors are capturing all the paid traffic; has no Analytics or Meta Pixel — can't measure or retarget. | OPPORTUNITY: Restoration in San Antonio with estimated retainer value of $4,500/mo. High competition niche where digital presence = phone calls. | PITCH: Lead with paid ads audit. Show them competitors running ads and estimate what they're spending. Offer to run a pilot campaign.",https://www.google.com/maps/search/855+Rhino+Help+San+Antonio+TX
SERVPRO of Braun Station,,(210) 267-2159,,https://www.servpro.com/locations/tx/servpro-of-braun-station,"San Antonio, TX 78250",TX,,68,Restoration,"$4,500",0.0,1,No,HIGH,No contact form; Almost no reviews; No ads detected; High urgency niche; High retainer potential ($3k+/mo),"PAIN: SERVPRO of Braun Station has almost no online reviews — invisible to new customers; is running zero paid ads — competitors are capturing all the paid traffic. | OPPORTUNITY: Restoration in San Antonio with estimated retainer value of $4,500/mo. High competition niche where digital presence = phone calls. | PITCH: Lead with paid ads audit. Show them competitors running ads and estimate what they're spending. Offer to run a pilot campaign.",https://www.google.com/maps/search/SERVPRO+of+Braun+Station+San+Antonio+TX
The Spencer Law Firm,,(210) 543-0000,,http://www.spencerlawfirmsa.net,"San Antonio, TX 78238",TX,,68,Law Firm,"$5,000",0.0,19,No,HIGH,No tracking pixels; No contact form; Low reviews; No ads detected; High urgency niche; High retainer potential ($3k+/mo),"PAIN: The Spencer Law Firm has under 50 reviews — struggling to build trust online; is running zero paid ads — competitors are capturing all the paid traffic; has no Analytics or Meta Pixel — can't measure or retarget. | OPPORTUNITY: Law Firm in San Antonio with estimated retainer value of $5,000/mo. High competition niche where digital presence = phone calls. | PITCH: Lead with paid ads audit. Show them competitors running ads and estimate what they're spending. Offer to run a pilot campaign.",https://www.google.com/maps/search/The+Spencer+Law+Firm+San+Antonio+TX
The Law Offices of Tyler & Peery,,(210) 987-2339,,http://www.tylerpeery.com,"San Antonio, TX 78201",TX,,68,Law Firm,"$5,000",0.0,36,No,HIGH,No tracking pixels; No contact form; Low reviews; No ads detected; High urgency niche; High retainer potential ($3k+/mo),"PAIN: The Law Offices of Tyler & Peery has under 50 reviews — struggling to build trust online; is running zero paid ads — competitors are capturing all the paid traffic; has no Analytics or Meta Pixel — can't measure or retarget. | OPPORTUNITY: Law Firm in San Antonio with estimated retainer value of $5,000/mo. High competition niche where digital presence = phone calls. | PITCH: Lead with paid ads audit. Show them competitors running ads and estimate what they're spending. Offer to run a pilot campaign.",https://www.google.com/maps/search/The+Law+Offices+of+Tyler+%26+Peery+San+Antonio+TX
"San Antonio Injury Lawyer, Patrick Toscano",,(210) 464-5454,,http://patricktoscano.com,"San Antonio, TX 78201",TX,,68,Law Firm,"$5,000",0.0,2,No,HIGH,No contact form; Almost no reviews; No ads detected; High urgency niche; High retainer potential ($3k+/mo),"PAIN: San Antonio Injury Lawyer, Patrick Toscano has almost no online reviews — invisible to new customers; is running zero paid ads — competitors are capturing all the paid traffic. | OPPORTUNITY: Law Firm in San Antonio with estimated retainer value of $5,000/mo. High competition niche where digital presence = phone calls. | PITCH: Lead with paid ads audit. Show them competitors running ads and estimate what they're spending. Offer to run a pilot campaign.",https://www.google.com/maps/search/San+Antonio+Injury+Lawyer%2C+Patrick+Toscano+San+Antonio+TX
"JCP Law Office, P.C.",,(210) 977-8887,,http://jcplawofficepc.localsearch.com,"San Antonio, TX 78221",TX,,68,Law Firm,"$3,000",0.0,11,No,MED,No tracking pixels; No contact form; Low reviews; No ads detected; Some SEO issues; High retainer potential ($3k+/mo),"PAIN: JCP Law Office, P.C. has under 50 reviews — struggling to build trust online; is running zero paid ads — competitors are capturing all the paid traffic; has no Analytics or Meta Pixel — can't measure or retarget. | OPPORTUNITY: Law Firm in San Antonio with estimated retainer value of $3,000/mo. High competition niche where digital presence = phone calls. | PITCH: Lead with paid ads audit. Show them competitors running ads and estimate what they're spending. Offer to run a pilot campaign.",https://www.google.com/maps/search/JCP+Law+Office%2C+P.C.+San+Antonio+TX
Redgate Law Office,,(210) 822-7205,,http://redgatelawoffice.localsearch.com,"San Antonio, TX 78216",TX,,68,Law Firm,"$3,000",0.0,19,No,MED,No tracking pixels; No contact form; Low reviews; No ads detected; Some SEO issues; High retainer potential ($3k+/mo),"PAIN: Redgate Law Office has under 50 reviews — struggling to build trust online; is running zero paid ads — competitors are capturing all the paid traffic; has no Analytics or Meta Pixel — can't measure or retarget. | OPPORTUNITY: Law Firm in San Antonio with estimated retainer value of $3,000/mo. High competition niche where digital presence = phone calls. | PITCH: Lead with paid ads audit. Show them competitors running ads and estimate what they're spending. Offer to run a pilot campaign.",https://www.google.com/maps/search/Redgate+Law+Office+San+Antonio+TX
Jose Aguirre-Hernandez,,(210) 433-1991,,http://joseeaguirredmd.localsearch.com,"San Antonio, TX 78237",TX,,68,Dental,"$3,000",0.0,27,No,MED,No tracking pixels; No contact form; Low reviews; No ads detected; Some SEO issues; High retainer potential ($3k+/mo),"PAIN: Jose Aguirre-Hernandez has under 50 reviews — struggling to build trust online; is running zero paid ads — competitors are capturing all the paid traffic; has no Analytics or Meta Pixel — can't measure or retarget. | OPPORTUNITY: Dental in San Antonio with estimated retainer value of $3,000/mo. High competition niche where digital presence = phone calls. | PITCH: Lead with paid ads audit. Show them competitors running ads and estimate what they're spending. Offer to run a pilot campaign.",https://www.google.com/maps/search/Jose+Aguirre-Hernandez+San+Antonio+TX
"Albritton, Carroll M, DDS",,(210) 805-8446,,http://carrollmarkalbrittondds.localsearch.com,"San Antonio, TX 78209",TX,,68,Dental,"$3,000",0.0,19,No,MED,No tracking pixels; No contact form; Low reviews; No ads detected; Some SEO issues; High retainer potential ($3k+/mo),"PAIN: Albritton, Carroll M, DDS has under 50 reviews — struggling to build trust online; is running zero paid ads — competitors are capturing all the paid traffic; has no Analytics or Meta Pixel — can't measure or retarget. | OPPORTUNITY: Dental in San Antonio with estimated retainer value of $3,000/mo. High competition niche where digital presence = phone calls. | PITCH: Lead with paid ads audit. Show them competitors running ads and estimate what they're spending. Offer to run a pilot campaign.",https://www.google.com/maps/search/Albritton%2C+Carroll+M%2C+DDS+San+Antonio+TX
Mission Chiropractic,,(210) 342-4000,,http://missionchiropractictx.localsearch.com,"San Antonio, TX 78216",TX,,68,Chiro,"$2,500",0.0,24,No,MED,No tracking pixels; No contact form; Low reviews; No ads detected; Some SEO issues; Solid retainer potential ($2k+/mo),"PAIN: Mission Chiropractic has under 50 reviews — struggling to build trust online; is running zero paid ads — competitors are capturing all the paid traffic; has no Analytics or Meta Pixel — can't measure or retarget. | OPPORTUNITY: Chiro in San Antonio with estimated retainer value of $2,500/mo. High competition niche where digital presence = phone calls. | PITCH: Lead with paid ads audit. Show them competitors running ads and estimate what they're spending. Offer to run a pilot campaign.",https://www.google.com/maps/search/Mission+Chiropractic+San+Antonio+TX
"Brookhollow Family Clinic, PLLC",,(210) 490-5511,,http://www.mybackishurting.net,"San Antonio, TX 78232",TX,,68,Chiro,"$2,500",0.0,29,No,MED,No tracking pixels; Poor SEO on-page; No contact form; Low reviews; No ads detected; Solid retainer potential ($2k+/mo),"PAIN: Brookhollow Family Clinic, PLLC has under 50 reviews — struggling to build trust online; is running zero paid ads — competitors are capturing all the paid traffic; has no Analytics or Meta Pixel — can't measure or retarget. | OPPORTUNITY: Chiro in San Antonio with estimated retainer value of $2,500/mo. High competition niche where digital presence = phone calls. | PITCH: Lead with paid ads audit. Show them competitors running ads and estimate what they're spending. Offer to run a pilot campaign.",https://www.google.com/maps/search/Brookhollow+Family+Clinic%2C+PLLC+San+Antonio+TX
Skin The Day Spa Inc.,,(210) 930-3310,,http://skinthedayspainc.localsearch.com,"San Antonio, TX 78209",TX,,68,Med Spa,"$4,000",0.0,25,No,MED,No tracking pixels; No contact form; Low reviews; No ads detected; Some SEO issues; High retainer potential ($3k+/mo),"PAIN: Skin The Day Spa Inc. has under 50 reviews — struggling to build trust online; is running zero paid ads — competitors are capturing all the paid traffic; has no Analytics or Meta Pixel — can't measure or retarget. | OPPORTUNITY: Med Spa in San Antonio with estimated retainer value of $4,000/mo. High competition niche where digital presence = phone calls. | PITCH: Lead with paid ads audit. Show them competitors running ads and estimate what they're spending. Offer to run a pilot campaign.",https://www.google.com/maps/search/Skin+The+Day+Spa+Inc.+San+Antonio+TX
Dr. Constance Barone,,(210) 796-8657,,http://drconstancebarone.localsearch.com,"San Antonio, TX 78240",TX,,68,Med Spa,"$5,000",0.0,19,No,MED,No tracking pixels; No contact form; Low reviews; No ads detected; Some SEO issues; High retainer potential ($3k+/mo),"PAIN: Dr. Constance Barone has under 50 reviews — struggling to build trust online; is running zero paid ads — competitors are capturing all the paid traffic; has no Analytics or Meta Pixel — can't measure or retarget. | OPPORTUNITY: Med Spa in San Antonio with estimated retainer value of $5,000/mo. High competition niche where digital presence = phone calls. | PITCH: Lead with paid ads audit. Show them competitors running ads and estimate what they're spending. Offer to run a pilot campaign.",https://www.google.com/maps/search/Dr.+Constance+Barone+San+Antonio+TX
Plastic and Cosmetic Center of South Texas,,(210) 270-8595,,http://plasticandcosmeticcenterofsouthtexastx.localsearch.com,"San Antonio, TX 78240",TX,,68,Med Spa,"$5,000",0.0,24,No,MED,No tracking pixels; No contact form; Low reviews; No ads detected; Some SEO issues; High retainer potential ($3k+/mo),"PAIN: Plastic and Cosmetic Center of South Texas has under 50 reviews — struggling to build trust online; is running zero paid ads — competitors are capturing all the paid traffic; has no Analytics or Meta Pixel — can't measure or retarget. | OPPORTUNITY: Med Spa in San Antonio with estimated retainer value of $5,000/mo. High competition niche where digital presence = phone calls. | PITCH: Lead with paid ads audit. Show them competitors running ads and estimate what they're spending. Offer to run a pilot campaign.",https://www.google.com/maps/search/Plastic+and+Cosmetic+Center+of+South+Texas+San+Antonio+TX
John Martin IV M.D.,,(210) 614-3575,,http://johnmartinivmd.localsearch.com,"San Antonio, TX 78229",TX,,68,Medical,"$3,000",0.0,13,No,MED,No tracking pixels; No contact form; Low reviews; No ads detected; Some SEO issues; High retainer potential ($3k+/mo),"PAIN: John Martin IV M.D. has under 50 reviews — struggling to build trust online; is running zero paid ads — competitors are capturing all the paid traffic; has no Analytics or Meta Pixel — can't measure or retarget. | OPPORTUNITY: Medical in San Antonio with estimated retainer value of $3,000/mo. High competition niche where digital presence = phone calls. | PITCH: Lead with paid ads audit. Show them competitors running ads and estimate what they're spending. Offer to run a pilot campaign.",https://www.google.com/maps/search/John+Martin+IV+M.D.+San+Antonio+TX
"Vela III, Raul M.D.",,(210) 614-3575,,http://velaiiiraulmd.localsearch.com,"San Antonio, TX 78229",TX,,68,Medical,"$3,000",0.0,13,No,MED,No tracking pixels; No contact form; Low reviews; No ads detected; Some SEO issues; High retainer potential ($3k+/mo),"PAIN: Vela III, Raul M.D. has under 50 reviews — struggling to build trust online; is running zero paid ads — competitors are capturing all the paid traffic; has no Analytics or Meta Pixel — can't measure or retarget. | OPPORTUNITY: Medical in San Antonio with estimated retainer value of $3,000/mo. High competition niche where digital presence = phone calls. | PITCH: Lead with paid ads audit. Show them competitors running ads and estimate what they're spending. Offer to run a pilot campaign.",https://www.google.com/maps/search/Vela+III%2C+Raul+M.D.+San+Antonio+TX
Pronto Rooter,,(210) 256-8422,,http://prontorootertx.localsearch.com,"San Antonio, TX 78238",TX,,68,Contractor,"$2,500",0.0,11,No,MED,No tracking pixels; No contact form; Low reviews; No ads detected; Some SEO issues; Solid retainer potential ($2k+/mo),"PAIN: Pronto Rooter has under 50 reviews — struggling to build trust online; is running zero paid ads — competitors are capturing all the paid traffic; has no Analytics or Meta Pixel — can't measure or retarget. | OPPORTUNITY: Contractor in San Antonio with estimated retainer value of $2,500/mo. High competition niche where digital presence = phone calls. | PITCH: Lead with paid ads audit. Show them competitors running ads and estimate what they're spending. Offer to run a pilot campaign.",https://www.google.com/maps/search/Pronto+Rooter+San+Antonio+TX
Torres Painting,,(210) 595-1751,,http://torrespainting473696724.localsearch.com,"San Antonio, TX 78216",TX,,68,Contractor,"$2,000",0.0,8,No,LOW,No tracking pixels; No contact form; Almost no reviews; No ads detected; Some SEO issues; Solid retainer potential ($2k+/mo),"PAIN: Torres Painting has almost no online reviews — invisible to new customers; is running zero paid ads — competitors are capturing all the paid traffic; has no Analytics or Meta Pixel — can't measure or retarget. | OPPORTUNITY: Contractor in San Antonio with estimated retainer value of $2,000/mo. High competition niche where digital presence = phone calls. | PITCH: Lead with paid ads audit. Show them competitors running ads and estimate what they're spending. Offer to run a pilot campaign.",https://www.google.com/maps/search/Torres+Painting+San+Antonio+TX
1st Choice Painting Services,,(210) 478-1862,,http://1stchoicepaintingservices.localsearch.com,"San Antonio, TX 78228",TX,,68,Contractor,"$2,000",0.0,5,No,LOW,No tracking pixels; No contact form; Almost no reviews; No ads detected; Some SEO issues; Solid retainer potential ($2k+/mo),"PAIN: 1st Choice Painting Services has almost no online reviews — invisible to new customers; is running zero paid ads — competitors are capturing all the paid traffic; has no Analytics or Meta Pixel — can't measure or retarget. | OPPORTUNITY: Contractor in San Antonio with estimated retainer value of $2,000/mo. High competition niche where digital presence = phone calls. | PITCH: Lead with paid ads audit. Show them competitors running ads and estimate what they're spending. Offer to run a pilot campaign.",https://www.google.com/maps/search/1st+Choice+Painting+Services+San+Antonio+TX
Velasques Paint,,(210) 480-4645,,http://velasquespaint.localsearch.com,"San Antonio, TX 78229",TX,,68,Contractor,"$2,000",0.0,3,No,LOW,No tracking pixels; No contact form; Almost no reviews; No ads detected; Some SEO issues; Solid retainer potential ($2k+/mo),"PAIN: Velasques Paint has almost no online reviews — invisible to new customers; is running zero paid ads — competitors are capturing all the paid traffic; has no Analytics or Meta Pixel — can't measure or retarget. | OPPORTUNITY: Contractor in San Antonio with estimated retainer value of $2,000/mo. High competition niche where digital presence = phone calls. | PITCH: Lead with paid ads audit. Show them competitors running ads and estimate what they're spending. Offer to run a pilot campaign.",https://www.google.com/maps/search/Velasques+Paint+San+Antonio+TX
Estrada's Creation Painting,,(210) 722-1004,,http://estradascreationpainting.localsearch.com,"San Antonio, TX 78245",TX,,68,Contractor,"$2,000",0.0,9,No,LOW,No tracking pixels; No contact form; Almost no reviews; No ads detected; Some SEO issues; Solid retainer potential ($2k+/mo),"PAIN: Estrada's Creation Painting has almost no online reviews — invisible to new customers; is running zero paid ads — competitors are capturing all the paid traffic; has no Analytics or Meta Pixel — can't measure or retarget. | OPPORTUNITY: Contractor in San Antonio with estimated retainer value of $2,000/mo. High competition niche where digital presence = phone calls. | PITCH: Lead with paid ads audit. Show them competitors running ads and estimate what they're spending. Offer to run a pilot campaign.",https://www.google.com/maps/search/Estrada%27s+Creation+Painting+San+Antonio+TX
DV Painting,,(210) 995-9442,,http://dvpainting.localsearch.com,"San Antonio, TX 78227",TX,,68,Contractor,"$2,000",0.0,7,No,LOW,No tracking pixels; No contact form; Almost no reviews; No ads detected; Some SEO issues; Solid retainer potential ($2k+/mo),"PAIN: DV Painting has almost no online reviews — invisible to new customers; is running zero paid ads — competitors are capturing all the paid traffic; has no Analytics or Meta Pixel — can't measure or retarget. | OPPORTUNITY: Contractor in San Antonio with estimated retainer value of $2,000/mo. High competition niche where digital presence = phone calls. | PITCH: Lead with paid ads audit. Show them competitors running ads and estimate what they're spending. Offer to run a pilot campaign.",https://www.google.com/maps/search/DV+Painting+San+Antonio+TX
Scott's Lawn Care,,(210) 740-8209,,http://scottslawncaretx.localsearch.com,"San Antonio, TX 78201",TX,,68,Landscaping,"$2,000",0.0,2,No,LOW,No tracking pixels; No contact form; Almost no reviews; No ads detected; Some SEO issues; Solid retainer potential ($2k+/mo),"PAIN: Scott's Lawn Care has almost no online reviews — invisible to new customers; is running zero paid ads — competitors are capturing all the paid traffic; has no Analytics or Meta Pixel — can't measure or retarget. | OPPORTUNITY: Landscaping in San Antonio with estimated retainer value of $2,000/mo. High competition niche where digital presence = phone calls. | PITCH: Lead with paid ads audit. Show them competitors running ads and estimate what they're spending. Offer to run a pilot campaign.",https://www.google.com/maps/search/Scott%27s+Lawn+Care+San+Antonio+TX
Elite Professional Lawn And Landscape,,(210) 349-3263,:diana@eliteprolawn.com,http://www.eliteprolawn.com,"San Antonio, TX 78213",TX,,68,Landscaping,"$2,000",0.0,33,Yes,LOW,No tracking pixels; Poor SEO on-page; No contact form; Low reviews; No ads detected; Some SEO issues; Solid retainer potential ($2k+/mo),"PAIN: Elite Professional Lawn And Landscape has under 50 reviews — struggling to build trust online; is running zero paid ads — competitors are capturing all the paid traffic; has no Analytics or Meta Pixel — can't measure or retarget. | OPPORTUNITY: Landscaping in San Antonio with estimated retainer value of $2,000/mo. High competition niche where digital presence = phone calls. | PITCH: Lead with paid ads audit. Show them competitors running ads and estimate what they're spending. Offer to run a pilot campaign.",https://www.google.com/maps/search/Elite+Professional+Lawn+And+Landscape+San+Antonio+TX
A-1 Pool Service & Repairs,,(210) 777-9619,,http://a1poolservicerepairs.localsearch.com,"San Antonio, TX 78223",TX,,68,Pool,"$2,000",0.0,7,No,LOW,No tracking pixels; No contact form; Almost no reviews; No ads detected; Some SEO issues; Solid retainer potential ($2k+/mo),"PAIN: A-1 Pool Service & Repairs has almost no online reviews — invisible to new customers; is running zero paid ads — competitors are capturing all the paid traffic; has no Analytics or Meta Pixel — can't measure or retarget. | OPPORTUNITY: Pool in San Antonio with estimated retainer value of $2,000/mo. High competition niche where digital presence = phone calls. | PITCH: Lead with paid ads audit. Show them competitors running ads and estimate what they're spending. Offer to run a pilot campaign.",https://www.google.com/maps/search/A-1+Pool+Service+%26+Repairs+San+Antonio+TX
Poolside Sales & Service Inc,,(210) 496-2244,,http://poolsidesalesserviceinc.localsearch.com,"San Antonio, TX 78232",TX,,68,Pool,"$2,000",0.0,1,No,LOW,No tracking pixels; No contact form; Almost no reviews; No ads detected; Some SEO issues; Solid retainer potential ($2k+/mo),"PAIN: Poolside Sales & Service Inc has almost no online reviews — invisible to new customers; is running zero paid ads — competitors are capturing all the paid traffic; has no Analytics or Meta Pixel — can't measure or retarget. | OPPORTUNITY: Pool in San Antonio with estimated retainer value of $2,000/mo. High competition niche where digital presence = phone calls. | PITCH: Lead with paid ads audit. Show them competitors running ads and estimate what they're spending. Offer to run a pilot campaign.",https://www.google.com/maps/search/Poolside+Sales+%26+Service+Inc+San+Antonio+TX
Aguirre custom masonry,,(210) 238-4556,,http://aguirrecustommasonry.localsearch.com,"San Antonio, TX 78237",TX,,68,Pool,"$2,000",0.0,1,No,LOW,No tracking pixels; No contact form; Almost no reviews; No ads detected; Some SEO issues; Solid retainer potential ($2k+/mo),"PAIN: Aguirre custom masonry has almost no online reviews — invisible to new customers; is running zero paid ads — competitors are capturing all the paid traffic; has no Analytics or Meta Pixel — can't measure or retarget. | OPPORTUNITY: Pool in San Antonio with estimated retainer value of $2,000/mo. High competition niche where digital presence = phone calls. | PITCH: Lead with paid ads audit. Show them competitors running ads and estimate what they're spending. Offer to run a pilot campaign.",https://www.google.com/maps/search/Aguirre+custom+masonry+San+Antonio+TX
Allen Pool Service,,(210) 409-8532,,http://allenpoolservice.localsearch.com,"San Antonio, TX 78240",TX,,68,Pool,"$2,000",0.0,1,No,LOW,No tracking pixels; No contact form; Almost no reviews; No ads detected; Some SEO issues; Solid retainer potential ($2k+/mo),"PAIN: Allen Pool Service has almost no online reviews — invisible to new customers; is running zero paid ads — competitors are capturing all the paid traffic; has no Analytics or Meta Pixel — can't measure or retarget. | OPPORTUNITY: Pool in San Antonio with estimated retainer value of $2,000/mo. High competition niche where digital presence = phone calls. | PITCH: Lead with paid ads audit. Show them competitors running ads and estimate what they're spending. Offer to run a pilot campaign.",https://www.google.com/maps/search/Allen+Pool+Service+San+Antonio+TX
Choice Auto Painting,,(210) 655-5581,,http://choiceautopainting.localsearch.com,"San Antonio, TX 78217",TX,,68,Auto Repair,"$1,500",0.0,25,No,MED,No tracking pixels; No contact form; Low reviews; No ads detected; Some SEO issues; Standard retainer potential,"PAIN: Choice Auto Painting has under 50 reviews — struggling to build trust online; is running zero paid ads — competitors are capturing all the paid traffic; has no Analytics or Meta Pixel — can't measure or retarget. | OPPORTUNITY: Auto Repair in San Antonio with estimated retainer value of $1,500/mo. High competition niche where digital presence = phone calls. | PITCH: Lead with paid ads audit. Show them competitors running ads and estimate what they're spending. Offer to run a pilot campaign.",https://www.google.com/maps/search/Choice+Auto+Painting+San+Antonio+TX
Eurasian Auto Repair,,(210) 490-2559,,https://eurasianautorepair.com/san-pedro-ave-san-antonio,"San Antonio, TX 78232",TX,,68,Auto Repair,"$1,500",0.0,4,No,MED,No tracking pixels; No contact form; Almost no reviews; No ads detected; Standard retainer potential,"PAIN: Eurasian Auto Repair has almost no online reviews — invisible to new customers; is running zero paid ads — competitors are capturing all the paid traffic; has no Analytics or Meta Pixel — can't measure or retarget. | OPPORTUNITY: Auto Repair in San Antonio with estimated retainer value of $1,500/mo. High competition niche where digital presence = phone calls. | PITCH: Lead with paid ads audit. Show them competitors running ads and estimate what they're spending. Offer to run a pilot campaign.",https://www.google.com/maps/search/Eurasian+Auto+Repair+San+Antonio+TX
Foreign Specialists,,(210) 344-4420,,http://foreignspecialists.localsearch.com,"San Antonio, TX 78216",TX,,68,Auto Repair,"$1,500",0.0,42,No,MED,No tracking pixels; No contact form; Low reviews; No ads detected; Some SEO issues; Standard retainer potential,"PAIN: Foreign Specialists has under 50 reviews — struggling to build trust online; is running zero paid ads — competitors are capturing all the paid traffic; has no Analytics or Meta Pixel — can't measure or retarget. | OPPORTUNITY: Auto Repair in San Antonio with estimated retainer value of $1,500/mo. High competition niche where digital presence = phone calls. | PITCH: Lead with paid ads audit. Show them competitors running ads and estimate what they're spending. Offer to run a pilot campaign.",https://www.google.com/maps/search/Foreign+Specialists+San+Antonio+TX
LJ Towing,,(210) 724-4813,,https://www.ljtowing.com,"San Antonio, TX 78210",TX,,68,Towing,"$2,000",0.0,12,No,HIGH,No tracking pixels; No contact form; Low reviews; No ads detected; High urgency niche; Solid retainer potential ($2k+/mo),"PAIN: LJ Towing has under 50 reviews — struggling to build trust online; is running zero paid ads — competitors are capturing all the paid traffic; has no Analytics or Meta Pixel — can't measure or retarget. | OPPORTUNITY: Towing in San Antonio with estimated retainer value of $2,000/mo. High competition niche where digital presence = phone calls. | PITCH: Lead with paid ads audit. Show them competitors running ads and estimate what they're spending. Offer to run a pilot campaign.",https://www.google.com/maps/search/LJ+Towing+San+Antonio+TX
Bella Women's Fitness,,(210) 568-7576,,http://bellawomensfitness.localsearch.com,"San Antonio, TX 78258",TX,,68,Fitness,"$1,500",0.0,8,No,LOW,No tracking pixels; No contact form; Almost no reviews; No ads detected; Some SEO issues; Standard retainer potential,"PAIN: Bella Women's Fitness has almost no online reviews — invisible to new customers; is running zero paid ads — competitors are capturing all the paid traffic; has no Analytics or Meta Pixel — can't measure or retarget. | OPPORTUNITY: Fitness in San Antonio with estimated retainer value of $1,500/mo. High competition niche where digital presence = phone calls. | PITCH: Lead with paid ads audit. Show them competitors running ads and estimate what they're spending. Offer to run a pilot campaign.",https://www.google.com/maps/search/Bella+Women%27s+Fitness+San+Antonio+TX
SA Fitness,,(210) 858-4465,,http://safitness.localsearch.com,"San Antonio, TX 78258",TX,,68,Fitness,"$1,500",0.0,6,No,LOW,No tracking pixels; No contact form; Almost no reviews; No ads detected; Some SEO issues; Standard retainer potential,"PAIN: SA Fitness has almost no online reviews — invisible to new customers; is running zero paid ads — competitors are capturing all the paid traffic; has no Analytics or Meta Pixel — can't measure or retarget. | OPPORTUNITY: Fitness in San Antonio with estimated retainer value of $1,500/mo. High competition niche where digital presence = phone calls. | PITCH: Lead with paid ads audit. Show them competitors running ads and estimate what they're spending. Offer to run a pilot campaign.",https://www.google.com/maps/search/SA+Fitness+San+Antonio+TX
Day One Physical Therapy & Wellness,,(210) 922-8300,,http://dayonephysicaltherapywellness.localsearch.com,"San Antonio, TX 78221",TX,,68,Medical,"$2,500",0.0,20,No,MED,No tracking pixels; No contact form; Low reviews; No ads detected; Some SEO issues; Solid retainer potential ($2k+/mo),"PAIN: Day One Physical Therapy & Wellness has under 50 reviews — struggling to build trust online; is running zero paid ads — competitors are capturing all the paid traffic; has no Analytics or Meta Pixel — can't measure or retarget. | OPPORTUNITY: Medical in San Antonio with estimated retainer value of $2,500/mo. High competition niche where digital presence = phone calls. | PITCH: Lead with paid ads audit. Show them competitors running ads and estimate what they're spending. Offer to run a pilot campaign.",https://www.google.com/maps/search/Day+One+Physical+Therapy+%26+Wellness+San+Antonio+TX
Abbey's Hair Studio,,(210) 829-5448,,http://abbeyshairstudio.localsearch.com,"San Antonio, TX 78209",TX,,68,Salon,"$1,200",0.0,7,No,LOW,No tracking pixels; No contact form; Almost no reviews; No ads detected; Some SEO issues; Standard retainer potential,"PAIN: Abbey's Hair Studio has almost no online reviews — invisible to new customers; is running zero paid ads — competitors are capturing all the paid traffic; has no Analytics or Meta Pixel — can't measure or retarget. | OPPORTUNITY: Salon in San Antonio with estimated retainer value of $1,200/mo. High competition niche where digital presence = phone calls. | PITCH: Lead with paid ads audit. Show them competitors running ads and estimate what they're spending. Offer to run a pilot campaign.",https://www.google.com/maps/search/Abbey%27s+Hair+Studio+San+Antonio+TX
Hair By Per& Company,,(210) 219-0485,,http://hairbypercompany.localsearch.com,"San Antonio, TX 78212",TX,,68,Salon,"$1,200",0.0,3,No,LOW,No tracking pixels; No contact form; Almost no reviews; No ads detected; Some SEO issues; Standard retainer potential,"PAIN: Hair By Per& Company has almost no online reviews — invisible to new customers; is running zero paid ads — competitors are capturing all the paid traffic; has no Analytics or Meta Pixel — can't measure or retarget. | OPPORTUNITY: Salon in San Antonio with estimated retainer value of $1,200/mo. High competition niche where digital presence = phone calls. | PITCH: Lead with paid ads audit. Show them competitors running ads and estimate what they're spending. Offer to run a pilot campaign.",https://www.google.com/maps/search/Hair+By+Per%26+Company+San+Antonio+TX
Barbershop of 09',,(210) 527-6029,,http://barbershopof09.localsearch.com,"San Antonio, TX 78209",TX,,68,Salon,"$1,200",0.0,2,No,LOW,No tracking pixels; No contact form; Almost no reviews; No ads detected; Some SEO issues; Standard retainer potential,"PAIN: Barbershop of 09' has almost no online reviews — invisible to new customers; is running zero paid ads — competitors are capturing all the paid traffic; has no Analytics or Meta Pixel — can't measure or retarget. | OPPORTUNITY: Salon in San Antonio with estimated retainer value of $1,200/mo. High competition niche where digital presence = phone calls. | PITCH: Lead with paid ads audit. Show them competitors running ads and estimate what they're spending. Offer to run a pilot campaign.",https://www.google.com/maps/search/Barbershop+of+09%27+San+Antonio+TX
Veteran's Barber Shop,,(210) 432-9742,,http://veteransbarbershoptx.localsearch.com,"San Antonio, TX 78228",TX,,68,Salon,"$1,200",0.0,1,No,LOW,No tracking pixels; No contact form; Almost no reviews; No ads detected; Some SEO issues; Standard retainer potential,"PAIN: Veteran's Barber Shop has almost no online reviews — invisible to new customers; is running zero paid ads — competitors are capturing all the paid traffic; has no Analytics or Meta Pixel — can't measure or retarget. | OPPORTUNITY: Salon in San Antonio with estimated retainer value of $1,200/mo. High competition niche where digital presence = phone calls. | PITCH: Lead with paid ads audit. Show them competitors running ads and estimate what they're spending. Offer to run a pilot campaign.",https://www.google.com/maps/search/Veteran%27s+Barber+Shop+San+Antonio+TX
Diamond Kut Salon,,(210) 735-1684,,http://diamondkutsalon.localsearch.com,"San Antonio, TX 78201",TX,,68,Salon,"$1,200",0.0,1,No,LOW,No tracking pixels; No contact form; Almost no reviews; No ads detected; Some SEO issues; Standard retainer potential,"PAIN: Diamond Kut Salon has almost no online reviews — invisible to new customers; is running zero paid ads — competitors are capturing all the paid traffic; has no Analytics or Meta Pixel — can't measure or retarget. | OPPORTUNITY: Salon in San Antonio with estimated retainer value of $1,200/mo. High competition niche where digital presence = phone calls. | PITCH: Lead with paid ads audit. Show them competitors running ads and estimate what they're spending. Offer to run a pilot campaign.",https://www.google.com/maps/search/Diamond+Kut+Salon+San+Antonio+TX
Hair Preference,,(210) 342-8250,,http://hairpreferencetx.localsearch.com,"San Antonio, TX 78216",TX,,68,Salon,"$1,200",0.0,1,No,LOW,No tracking pixels; No contact form; Almost no reviews; No ads detected; Some SEO issues; Standard retainer potential,"PAIN: Hair Preference has almost no online reviews — invisible to new customers; is running zero paid ads — competitors are capturing all the paid traffic; has no Analytics or Meta Pixel — can't measure or retarget. | OPPORTUNITY: Salon in San Antonio with estimated retainer value of $1,200/mo. High competition niche where digital presence = phone calls. | PITCH: Lead with paid ads audit. Show them competitors running ads and estimate what they're spending. Offer to run a pilot campaign.",https://www.google.com/maps/search/Hair+Preference+San+Antonio+TX
The the Dollhouse Barber Shop,,(210) 276-0606,,http://thethedollhousebarbershop.localsearch.com,"San Antonio, TX 78238",TX,,68,Salon,"$1,200",0.0,2,No,LOW,No tracking pixels; No contact form; Almost no reviews; No ads detected; Some SEO issues; Standard retainer potential,"PAIN: The the Dollhouse Barber Shop has almost no online reviews — invisible to new customers; is running zero paid ads — competitors are capturing all the paid traffic; has no Analytics or Meta Pixel — can't measure or retarget. | OPPORTUNITY: Salon in San Antonio with estimated retainer value of $1,200/mo. High competition niche where digital presence = phone calls. | PITCH: Lead with paid ads audit. Show them competitors running ads and estimate what they're spending. Offer to run a pilot campaign.",https://www.google.com/maps/search/The+the+Dollhouse+Barber+Shop+San+Antonio+TX
Buddy Cuts,,(210) 523-2887,,http://buddycuts.localsearch.com,"San Antonio, TX 78251",TX,,68,Salon,"$1,200",0.0,2,No,LOW,No tracking pixels; No contact form; Almost no reviews; No ads detected; Some SEO issues; Standard retainer potential,"PAIN: Buddy Cuts has almost no online reviews — invisible to new customers; is running zero paid ads — competitors are capturing all the paid traffic; has no Analytics or Meta Pixel — can't measure or retarget. | OPPORTUNITY: Salon in San Antonio with estimated retainer value of $1,200/mo. High competition niche where digital presence = phone calls. | PITCH: Lead with paid ads audit. Show them competitors running ads and estimate what they're spending. Offer to run a pilot campaign.",https://www.google.com/maps/search/Buddy+Cuts+San+Antonio+TX
Precision Kuts,,(210) 404-2600,,http://precisionkutstx.localsearch.com,"San Antonio, TX 78258",TX,,68,Salon,"$1,000",0.0,7,No,LOW,No tracking pixels; No contact form; Almost no reviews; No ads detected; Some SEO issues; Standard retainer potential,"PAIN: Precision Kuts has almost no online reviews — invisible to new customers; is running zero paid ads — competitors are capturing all the paid traffic; has no Analytics or Meta Pixel — can't measure or retarget. | OPPORTUNITY: Salon in San Antonio with estimated retainer value of $1,000/mo. High competition niche where digital presence = phone calls. | PITCH: Lead with paid ads audit. Show them competitors running ads and estimate what they're spending. Offer to run a pilot campaign.",https://www.google.com/maps/search/Precision+Kuts+San+Antonio+TX
Headmasters: Authentic African Hair Braiding & Barber Shop,,(210) 680-4500,,http://headmastersauthenticafricanhairbraidingbarbershop.localsearch.com,"San Antonio, TX 78251",TX,,68,Salon,"$1,000",0.0,6,No,LOW,No tracking pixels; No contact form; Almost no reviews; No ads detected; Some SEO issues; Standard retainer potential,"PAIN: Headmasters: Authentic African Hair Braiding & Barber Shop has almost no online reviews — invisible to new customers; is running zero paid ads — competitors are capturing all the paid traffic; has no Analytics or Meta Pixel — can't measure or retarget. | OPPORTUNITY: Salon in San Antonio with estimated retainer value of $1,000/mo. High competition niche where digital presence = phone calls. | PITCH: Lead with paid ads audit. Show them competitors running ads and estimate what they're spending. Offer to run a pilot campaign.",https://www.google.com/maps/search/Headmasters%3A+Authentic+African+Hair+Braiding+%26+Barber+Shop+San+Antonio+TX
Mane & Glory Full Service Salon,,(210) 654-7544,,http://www.manenglory.com,"San Antonio, TX 78217",TX,,68,Salon,"$1,000",0.0,9,No,LOW,No tracking pixels; No contact form; Almost no reviews; No ads detected; Some SEO issues; Standard retainer potential,"PAIN: Mane & Glory Full Service Salon has almost no online reviews — invisible to new customers; is running zero paid ads — competitors are capturing all the paid traffic; has no Analytics or Meta Pixel — can't measure or retarget. | OPPORTUNITY: Salon in San Antonio with estimated retainer value of $1,000/mo. High competition niche where digital presence = phone calls. | PITCH: Lead with paid ads audit. Show them competitors running ads and estimate what they're spending. Offer to run a pilot campaign.",https://www.google.com/maps/search/Mane+%26+Glory+Full+Service+Salon+San+Antonio+TX
Rob The Original - Barbershop,,(210) 744-5327,,http://robtheoriginalbarbershop.localsearch.com,"San Antonio, TX 78214",TX,,68,Salon,"$1,000",0.0,3,No,LOW,No tracking pixels; No contact form; Almost no reviews; No ads detected; Some SEO issues; Standard retainer potential,"PAIN: Rob The Original - Barbershop has almost no online reviews — invisible to new customers; is running zero paid ads — competitors are capturing all the paid traffic; has no Analytics or Meta Pixel — can't measure or retarget. | OPPORTUNITY: Salon in San Antonio with estimated retainer value of $1,000/mo. High competition niche where digital presence = phone calls. | PITCH: Lead with paid ads audit. Show them competitors running ads and estimate what they're spending. Offer to run a pilot campaign.",https://www.google.com/maps/search/Rob+The+Original+-+Barbershop+San+Antonio+TX
Rose Nail,,(210) 590-6945,,http://rosenail6855491.localsearch.com,"San Antonio, TX 78217",TX,,68,Salon,"$1,000",0.0,4,No,LOW,No tracking pixels; No contact form; Almost no reviews; No ads detected; Some SEO issues; Standard retainer potential,"PAIN: Rose Nail has almost no online reviews — invisible to new customers; is running zero paid ads — competitors are capturing all the paid traffic; has no Analytics or Meta Pixel — can't measure or retarget. | OPPORTUNITY: Salon in San Antonio with estimated retainer value of $1,000/mo. High competition niche where digital presence = phone calls. | PITCH: Lead with paid ads audit. Show them competitors running ads and estimate what they're spending. Offer to run a pilot campaign.",https://www.google.com/maps/search/Rose+Nail+San+Antonio+TX
Gorgeous Nails,,(210) 366-1929,,http://gorgeousnails.localsearch.com,"San Antonio, TX 78231",TX,,68,Salon,"$1,000",0.0,2,No,LOW,No tracking pixels; No contact form; Almost no reviews; No ads detected; Some SEO issues; Standard retainer potential,"PAIN: Gorgeous Nails has almost no online reviews — invisible to new customers; is running zero paid ads — competitors are capturing all the paid traffic; has no Analytics or Meta Pixel — can't measure or retarget. | OPPORTUNITY: Salon in San Antonio with estimated retainer value of $1,000/mo. High competition niche where digital presence = phone calls. | PITCH: Lead with paid ads audit. Show them competitors running ads and estimate what they're spending. Offer to run a pilot campaign.",https://www.google.com/maps/search/Gorgeous+Nails+San+Antonio+TX
Nail,,(210) 530-1263,,http://nail5663023.localsearch.com,"San Antonio, TX 78251",TX,,68,Salon,"$1,000",0.0,2,No,LOW,No tracking pixels; No contact form; Almost no reviews; No ads detected; Some SEO issues; Standard retainer potential,"PAIN: Nail has almost no online reviews — invisible to new customers; is running zero paid ads — competitors are capturing all the paid traffic; has no Analytics or Meta Pixel — can't measure or retarget. | OPPORTUNITY: Salon in San Antonio with estimated retainer value of $1,000/mo. High competition niche where digital presence = phone calls. | PITCH: Lead with paid ads audit. Show them competitors running ads and estimate what they're spending. Offer to run a pilot campaign.",https://www.google.com/maps/search/Nail+San+Antonio+TX
Sky Nails,,(210) 804-1117,,http://skynails462630061.localsearch.com,"San Antonio, TX 78209",TX,,68,Salon,"$1,000",0.0,4,No,LOW,No tracking pixels; No contact form; Almost no reviews; No ads detected; Some SEO issues; Standard retainer potential,"PAIN: Sky Nails has almost no online reviews — invisible to new customers; is running zero paid ads — competitors are capturing all the paid traffic; has no Analytics or Meta Pixel — can't measure or retarget. | OPPORTUNITY: Salon in San Antonio with estimated retainer value of $1,000/mo. High competition niche where digital presence = phone calls. | PITCH: Lead with paid ads audit. Show them competitors running ads and estimate what they're spending. Offer to run a pilot campaign.",https://www.google.com/maps/search/Sky+Nails+San+Antonio+TX
Queen Nail,,(210) 495-0540,,http://queennailtx.localsearch.com,"San Antonio, TX 78232",TX,,68,Salon,"$1,000",0.0,4,No,LOW,No tracking pixels; No contact form; Almost no reviews; No ads detected; Some SEO issues; Standard retainer potential,"PAIN: Queen Nail has almost no online reviews — invisible to new customers; is running zero paid ads — competitors are capturing all the paid traffic; has no Analytics or Meta Pixel — can't measure or retarget. | OPPORTUNITY: Salon in San Antonio with estimated retainer value of $1,000/mo. High competition niche where digital presence = phone calls. | PITCH: Lead with paid ads audit. Show them competitors running ads and estimate what they're spending. Offer to run a pilot campaign.",https://www.google.com/maps/search/Queen+Nail+San+Antonio+TX
Miracle Nails,,(210) 403-2584,,http://miraclenails455455423.localsearch.com,"San Antonio, TX 78258",TX,,68,Salon,"$1,000",0.0,1,No,LOW,No tracking pixels; No contact form; Almost no reviews; No ads detected; Some SEO issues; Standard retainer potential,"PAIN: Miracle Nails has almost no online reviews — invisible to new customers; is running zero paid ads — competitors are capturing all the paid traffic; has no Analytics or Meta Pixel — can't measure or retarget. | OPPORTUNITY: Salon in San Antonio with estimated retainer value of $1,000/mo. High competition niche where digital presence = phone calls. | PITCH: Lead with paid ads audit. Show them competitors running ads and estimate what they're spending. Offer to run a pilot campaign.",https://www.google.com/maps/search/Miracle+Nails+San+Antonio+TX
Roto-Rooter Plumbing & Water Cleanup,,(210) 806-4406,,https://www.rotorooter.com/helotestx/?utm_source=iyp&utm_medium=paid&utm_campaign=iyp,"Helotes, TX 78023",TX,,65,Plumbing,"$3,500",0.0,2,No,HIGH,Almost no reviews; No ads detected; High urgency niche; High retainer potential ($3k+/mo),"PAIN: Roto-Rooter Plumbing & Water Cleanup has almost no online reviews — invisible to new customers; is running zero paid ads — competitors are capturing all the paid traffic. | OPPORTUNITY: Plumbing in San Antonio with estimated retainer value of $3,500/mo. High competition niche where digital presence = phone calls. | PITCH: Lead with paid ads audit. Show them competitors running ads and estimate what they're spending. Offer to run a pilot campaign.",https://www.google.com/maps/search/Roto-Rooter+Plumbing+%26+Water+Cleanup+San+Antonio+TX
Tiger Services Air Conditioning and Heating,,(210) 344-0060,,https://www.orangetiger.com,"San Antonio, TX 78216",TX,,65,HVAC,"$3,500",0.0,1,No,HIGH,Almost no reviews; No ads detected; High urgency niche; High retainer potential ($3k+/mo),"PAIN: Tiger Services Air Conditioning and Heating has almost no online reviews — invisible to new customers; is running zero paid ads — competitors are capturing all the paid traffic. | OPPORTUNITY: HVAC in San Antonio with estimated retainer value of $3,500/mo. High competition niche where digital presence = phone calls. | PITCH: Lead with paid ads audit. Show them competitors running ads and estimate what they're spending. Offer to run a pilot campaign.",https://www.google.com/maps/search/Tiger+Services+Air+Conditioning+and+Heating+San+Antonio+TX
Iron Clad Metal Roof Systems Plus LLC,,(210) 759-0571,mrod@ironcladroof.com,https://ironcladroof.com,"Kerrville, TX 78028",TX,,65,Roofing,"$4,000",0.0,2,Yes,HIGH,Almost no reviews; No ads detected; High urgency niche; High retainer potential ($3k+/mo),"PAIN: Iron Clad Metal Roof Systems Plus LLC has almost no online reviews — invisible to new customers; is running zero paid ads — competitors are capturing all the paid traffic. | OPPORTUNITY: Roofing in San Antonio with estimated retainer value of $4,000/mo. High competition niche where digital presence = phone calls. | PITCH: Lead with paid ads audit. Show them competitors running ads and estimate what they're spending. Offer to run a pilot campaign.",https://www.google.com/maps/search/Iron+Clad+Metal+Roof+Systems+Plus+LLC+San+Antonio+TX
Mister Sparky of San Antonio,,(210) 294-5144,tonyac@apexsatx.com,https://www.mistersparky.com/san-antonio/,"San Antonio, TX 78247",TX,,65,Electrician,"$3,000",0.0,19,Yes,HIGH,No tracking pixels; Low reviews; No ads detected; High urgency niche; High retainer potential ($3k+/mo),"PAIN: Mister Sparky of San Antonio has under 50 reviews — struggling to build trust online; is running zero paid ads — competitors are capturing all the paid traffic; has no Analytics or Meta Pixel — can't measure or retarget. | OPPORTUNITY: Electrician in San Antonio with estimated retainer value of $3,000/mo. High competition niche where digital presence = phone calls. | PITCH: Lead with paid ads audit. Show them competitors running ads and estimate what they're spending. Offer to run a pilot campaign.",https://www.google.com/maps/search/Mister+Sparky+of+San+Antonio+San+Antonio+TX
Tharp Christine- Tharp Family Law,,(210) 888-2133,info@tharpfamilylaw.com,http://www.tharpfamilylaw.com/,"San Antonio, TX 78258",TX,,65,Law Firm,"$3,500",0.0,46,Yes,HIGH,No tracking pixels; Low reviews; No ads detected; High urgency niche; High retainer potential ($3k+/mo),"PAIN: Tharp Christine- Tharp Family Law has under 50 reviews — struggling to build trust online; is running zero paid ads — competitors are capturing all the paid traffic; has no Analytics or Meta Pixel — can't measure or retarget. | OPPORTUNITY: Law Firm in San Antonio with estimated retainer value of $3,500/mo. High competition niche where digital presence = phone calls. | PITCH: Lead with paid ads audit. Show them competitors running ads and estimate what they're spending. Offer to run a pilot campaign.",https://www.google.com/maps/search/Tharp+Christine-+Tharp+Family+Law+San+Antonio+TX
Sadia Aziz Attorney At Law,,(210) 977-8686,your@email.com,https://www.sadiaaziz.com,"San Antonio, TX 78211",TX,,65,Law Firm,"$3,500",0.0,36,Yes,HIGH,No tracking pixels; Low reviews; No ads detected; High urgency niche; High retainer potential ($3k+/mo),"PAIN: Sadia Aziz Attorney At Law has under 50 reviews — struggling to build trust online; is running zero paid ads — competitors are capturing all the paid traffic; has no Analytics or Meta Pixel — can't measure or retarget. | OPPORTUNITY: Law Firm in San Antonio with estimated retainer value of $3,500/mo. High competition niche where digital presence = phone calls. | PITCH: Lead with paid ads audit. Show them competitors running ads and estimate what they're spending. Offer to run a pilot campaign.",https://www.google.com/maps/search/Sadia+Aziz+Attorney+At+Law+San+Antonio+TX
The Law Office of Hillary Peldner,,(210) 320-2130,,https://hpeldnerlaw.com,"San Antonio, TX 78212",TX,,65,Law Firm,"$3,000",0.0,2,No,MED,Almost no reviews; No ads detected; Some SEO issues; High retainer potential ($3k+/mo),"PAIN: The Law Office of Hillary Peldner has almost no online reviews — invisible to new customers; is running zero paid ads — competitors are capturing all the paid traffic. | OPPORTUNITY: Law Firm in San Antonio with estimated retainer value of $3,000/mo. High competition niche where digital presence = phone calls. | PITCH: Lead with paid ads audit. Show them competitors running ads and estimate what they're spending. Offer to run a pilot campaign.",https://www.google.com/maps/search/The+Law+Office+of+Hillary+Peldner+San+Antonio+TX
"Barba Inegol Law Firm, P",,(210) 758-0781,intake@barbainegol-law.com,https://barbainegol-law.com,"San Antonio, TX 78258",TX,,65,Law Firm,"$3,000",0.0,1,Yes,MED,No tracking pixels; Almost no reviews; No ads detected; High retainer potential ($3k+/mo),"PAIN: Barba Inegol Law Firm, P has almost no online reviews — invisible to new customers; is running zero paid ads — competitors are capturing all the paid traffic; has no Analytics or Meta Pixel — can't measure or retarget. | OPPORTUNITY: Law Firm in San Antonio with estimated retainer value of $3,000/mo. High competition niche where digital presence = phone calls. | PITCH: Lead with paid ads audit. Show them competitors running ads and estimate what they're spending. Offer to run a pilot campaign.",https://www.google.com/maps/search/Barba+Inegol+Law+Firm%2C+P+San+Antonio+TX
Gutierrez Law Firm,,(210) 225-7114,attorneys@gutierrezfirm.com,http://www.gutierrezfirm.com,"San Antonio, TX 78212",TX,,65,Law Firm,"$3,000",0.0,1,Yes,MED,Not mobile-friendly; Almost no reviews; No ads detected; High retainer potential ($3k+/mo),"PAIN: Gutierrez Law Firm has almost no online reviews — invisible to new customers; is running zero paid ads — competitors are capturing all the paid traffic; site isn't mobile-friendly — losing 60%+ of local searchers. | OPPORTUNITY: Law Firm in San Antonio with estimated retainer value of $3,000/mo. High competition niche where digital presence = phone calls. | PITCH: Lead with paid ads audit. Show them competitors running ads and estimate what they're spending. Offer to run a pilot campaign.",https://www.google.com/maps/search/Gutierrez+Law+Firm+San+Antonio+TX
Robert A Shivers Attorney,,(210) 226-9725,,http://www.shiverslaw.com,"San Antonio, TX 78210",TX,,65,Law Firm,"$3,000",0.0,1,No,MED,Slow website; Almost no reviews; No ads detected; High retainer potential ($3k+/mo),"PAIN: Robert A Shivers Attorney has almost no online reviews — invisible to new customers; is running zero paid ads — competitors are capturing all the paid traffic. | OPPORTUNITY: Law Firm in San Antonio with estimated retainer value of $3,000/mo. High competition niche where digital presence = phone calls. | PITCH: Lead with paid ads audit. Show them competitors running ads and estimate what they're spending. Offer to run a pilot campaign.",https://www.google.com/maps/search/Robert+A+Shivers+Attorney+San+Antonio+TX
"Dr. Liz Atkinson Garza, MD",,(210) 490-4661,,https://www.epiphanydermatology.com/providers/liz-atkinson-garza-md,"San Antonio, TX 78258",TX,,65,Medical,"$3,000",0.0,40,No,MED,No tracking pixels; Poor SEO on-page; Low reviews; No ads detected; High retainer potential ($3k+/mo),"PAIN: Dr. Liz Atkinson Garza, MD has under 50 reviews — struggling to build trust online; is running zero paid ads — competitors are capturing all the paid traffic; has no Analytics or Meta Pixel — can't measure or retarget. | OPPORTUNITY: Medical in San Antonio with estimated retainer value of $3,000/mo. High competition niche where digital presence = phone calls. | PITCH: Lead with paid ads audit. Show them competitors running ads and estimate what they're spending. Offer to run a pilot campaign.",https://www.google.com/maps/search/Dr.+Liz+Atkinson+Garza%2C+MD+San+Antonio+TX
"Christina Steinmetz-Rodriguez, DO",,(210) 490-4661,,https://www.epiphanydermatology.com/providers/christina-steinmetz-rodriguez-do,"San Antonio, TX 78258",TX,,65,Medical,"$3,000",0.0,31,No,MED,No tracking pixels; Poor SEO on-page; Low reviews; No ads detected; High retainer potential ($3k+/mo),"PAIN: Christina Steinmetz-Rodriguez, DO has under 50 reviews — struggling to build trust online; is running zero paid ads — competitors are capturing all the paid traffic; has no Analytics or Meta Pixel — can't measure or retarget. | OPPORTUNITY: Medical in San Antonio with estimated retainer value of $3,000/mo. High competition niche where digital presence = phone calls. | PITCH: Lead with paid ads audit. Show them competitors running ads and estimate what they're spending. Offer to run a pilot campaign.",https://www.google.com/maps/search/Christina+Steinmetz-Rodriguez%2C+DO+San+Antonio+TX
"Chantal B. DeVillena, MD",,(210) 490-4661,,https://www.epiphanydermatology.com/providers/chantal-devillena-md-faad,"San Antonio, TX 78258",TX,,65,Medical,"$3,000",0.0,13,No,MED,No tracking pixels; Poor SEO on-page; Low reviews; No ads detected; High retainer potential ($3k+/mo),"PAIN: Chantal B. DeVillena, MD has under 50 reviews — struggling to build trust online; is running zero paid ads — competitors are capturing all the paid traffic; has no Analytics or Meta Pixel — can't measure or retarget. | OPPORTUNITY: Medical in San Antonio with estimated retainer value of $3,000/mo. High competition niche where digital presence = phone calls. | PITCH: Lead with paid ads audit. Show them competitors running ads and estimate what they're spending. Offer to run a pilot campaign.",https://www.google.com/maps/search/Chantal+B.+DeVillena%2C+MD+San+Antonio+TX
"Lisa C. Walker, MD",,(210) 490-4661,,https://www.epiphanydermatology.com/providers/lisa-c-walker-md,"San Antonio, TX 78258",TX,,65,Medical,"$3,000",0.0,12,No,MED,No tracking pixels; Poor SEO on-page; Low reviews; No ads detected; High retainer potential ($3k+/mo),"PAIN: Lisa C. Walker, MD has under 50 reviews — struggling to build trust online; is running zero paid ads — competitors are capturing all the paid traffic; has no Analytics or Meta Pixel — can't measure or retarget. | OPPORTUNITY: Medical in San Antonio with estimated retainer value of $3,000/mo. High competition niche where digital presence = phone calls. | PITCH: Lead with paid ads audit. Show them competitors running ads and estimate what they're spending. Offer to run a pilot campaign.",https://www.google.com/maps/search/Lisa+C.+Walker%2C+MD+San+Antonio+TX
"Alan K. Silverman, MD",,(210) 490-4661,,https://www.epiphanydermatology.com/providers/alan-kenneth-silverman-md,"San Antonio, TX 78258",TX,,65,Medical,"$3,000",0.0,11,No,MED,No tracking pixels; Poor SEO on-page; Low reviews; No ads detected; High retainer potential ($3k+/mo),"PAIN: Alan K. Silverman, MD has under 50 reviews — struggling to build trust online; is running zero paid ads — competitors are capturing all the paid traffic; has no Analytics or Meta Pixel — can't measure or retarget. | OPPORTUNITY: Medical in San Antonio with estimated retainer value of $3,000/mo. High competition niche where digital presence = phone calls. | PITCH: Lead with paid ads audit. Show them competitors running ads and estimate what they're spending. Offer to run a pilot campaign.",https://www.google.com/maps/search/Alan+K.+Silverman%2C+MD+San+Antonio+TX
Lone Star Radiator Company,,(210) 951-2967,,https://www.lonestarradiator.com,"San Antonio, TX 78212",TX,,65,Auto Repair,"$1,500",0.0,3,No,MED,Not mobile-friendly; Almost no reviews; No ads detected; Standard retainer potential,"PAIN: Lone Star Radiator Company has almost no online reviews — invisible to new customers; is running zero paid ads — competitors are capturing all the paid traffic; site isn't mobile-friendly — losing 60%+ of local searchers. | OPPORTUNITY: Auto Repair in San Antonio with estimated retainer value of $1,500/mo. High competition niche where digital presence = phone calls. | PITCH: Lead with paid ads audit. Show them competitors running ads and estimate what they're spending. Offer to run a pilot campaign.",https://www.google.com/maps/search/Lone+Star+Radiator+Company+San+Antonio+TX
Firestone Complete Auto Care,,(210) 446-1810,316730@bfrc.com,https://www.firestonecompleteautocare.com/texas/san-antonio/10635-culebra-rd/?lw_cmp=IYP_YPC_MLP_316730,"San Antonio, TX 78251",TX,,65,Auto Repair,"$1,500",0.0,1,Yes,MED,No tracking pixels; Almost no reviews; No ads detected; Standard retainer potential,"PAIN: Firestone Complete Auto Care has almost no online reviews — invisible to new customers; is running zero paid ads — competitors are capturing all the paid traffic; has no Analytics or Meta Pixel — can't measure or retarget. | OPPORTUNITY: Auto Repair in San Antonio with estimated retainer value of $1,500/mo. High competition niche where digital presence = phone calls. | PITCH: Lead with paid ads audit. Show them competitors running ads and estimate what they're spending. Offer to run a pilot campaign.",https://www.google.com/maps/search/Firestone+Complete+Auto+Care+San+Antonio+TX
Firestone Complete Auto Care,,(210) 446-1719,654795@bfrc.com,https://www.firestonecompleteautocare.com/texas/san-antonio/2415-pleasanton-rd/?lw_cmp=IYP_YPC_MLP_654795,"San Antonio, TX 78221",TX,,65,Auto Repair,"$1,500",0.0,1,Yes,MED,No tracking pixels; Almost no reviews; No ads detected; Standard retainer potential,"PAIN: Firestone Complete Auto Care has almost no online reviews — invisible to new customers; is running zero paid ads — competitors are capturing all the paid traffic; has no Analytics or Meta Pixel — can't measure or retarget. | OPPORTUNITY: Auto Repair in San Antonio with estimated retainer value of $1,500/mo. High competition niche where digital presence = phone calls. | PITCH: Lead with paid ads audit. Show them competitors running ads and estimate what they're spending. Offer to run a pilot campaign.",https://www.google.com/maps/search/Firestone+Complete+Auto+Care+San+Antonio+TX
Firestone Complete Auto Care,,(210) 446-1743,018244@bfrc.com,https://www.firestonecompleteautocare.com/texas/san-antonio/11754-west-ave/?lw_cmp=IYP_YPC_MLP_18244,"San Antonio, TX 78216",TX,,65,Auto Repair,"$1,500",0.0,1,Yes,MED,No tracking pixels; Almost no reviews; No ads detected; Standard retainer potential,"PAIN: Firestone Complete Auto Care has almost no online reviews — invisible to new customers; is running zero paid ads — competitors are capturing all the paid traffic; has no Analytics or Meta Pixel — can't measure or retarget. | OPPORTUNITY: Auto Repair in San Antonio with estimated retainer value of $1,500/mo. High competition niche where digital presence = phone calls. | PITCH: Lead with paid ads audit. Show them competitors running ads and estimate what they're spending. Offer to run a pilot campaign.",https://www.google.com/maps/search/Firestone+Complete+Auto+Care+San+Antonio+TX
Firestone Complete Auto Care,,(210) 446-1703,316729@bfrc.com,https://www.firestonecompleteautocare.com/texas/san-antonio/6730-fm78/?lw_cmp=IYP_YPC_MLP_316729,"San Antonio, TX 78244",TX,,65,Auto Repair,"$1,500",0.0,1,Yes,MED,No tracking pixels; Almost no reviews; No ads detected; Standard retainer potential,"PAIN: Firestone Complete Auto Care has almost no online reviews — invisible to new customers; is running zero paid ads — competitors are capturing all the paid traffic; has no Analytics or Meta Pixel — can't measure or retarget. | OPPORTUNITY: Auto Repair in San Antonio with estimated retainer value of $1,500/mo. High competition niche where digital presence = phone calls. | PITCH: Lead with paid ads audit. Show them competitors running ads and estimate what they're spending. Offer to run a pilot campaign.",https://www.google.com/maps/search/Firestone+Complete+Auto+Care+San+Antonio+TX
Firestone Complete Auto Care,,(210) 446-1680,678899@bfrc.com,https://www.firestonecompleteautocare.com/texas/san-antonio/11540-perrin-beitel-rd/?lw_cmp=IYP_YPC_MLP_678899,"San Antonio, TX 78217",TX,,65,Auto Repair,"$1,500",0.0,1,Yes,MED,No tracking pixels; Almost no reviews; No ads detected; Standard retainer potential,"PAIN: Firestone Complete Auto Care has almost no online reviews — invisible to new customers; is running zero paid ads — competitors are capturing all the paid traffic; has no Analytics or Meta Pixel — can't measure or retarget. | OPPORTUNITY: Auto Repair in San Antonio with estimated retainer value of $1,500/mo. High competition niche where digital presence = phone calls. | PITCH: Lead with paid ads audit. Show them competitors running ads and estimate what they're spending. Offer to run a pilot campaign.",https://www.google.com/maps/search/Firestone+Complete+Auto+Care+San+Antonio+TX
Firestone Complete Auto Care,,(210) 446-1697,654825@bfrc.com,https://www.firestonecompleteautocare.com/texas/san-antonio/6901-bandera-rd/?lw_cmp=IYP_YPC_MLP_654825,"San Antonio, TX 78238",TX,,65,Auto Repair,"$1,500",0.0,1,Yes,MED,No tracking pixels; Almost no reviews; No ads detected; Standard retainer potential,"PAIN: Firestone Complete Auto Care has almost no online reviews — invisible to new customers; is running zero paid ads — competitors are capturing all the paid traffic; has no Analytics or Meta Pixel — can't measure or retarget. | OPPORTUNITY: Auto Repair in San Antonio with estimated retainer value of $1,500/mo. High competition niche where digital presence = phone calls. | PITCH: Lead with paid ads audit. Show them competitors running ads and estimate what they're spending. Offer to run a pilot campaign.",https://www.google.com/maps/search/Firestone+Complete+Auto+Care+San+Antonio+TX
Seymour's Garage,,(210) 341-1171,example@mysite.com,http://www.seymoursgarage.net,"San Antonio, TX 78230",TX,,65,Auto Repair,"$1,500",0.0,4,Yes,MED,No tracking pixels; Almost no reviews; No ads detected; Standard retainer potential,"PAIN: Seymour's Garage has almost no online reviews — invisible to new customers; is running zero paid ads — competitors are capturing all the paid traffic; has no Analytics or Meta Pixel — can't measure or retarget. | OPPORTUNITY: Auto Repair in San Antonio with estimated retainer value of $1,500/mo. High competition niche where digital presence = phone calls. | PITCH: Lead with paid ads audit. Show them competitors running ads and estimate what they're spending. Offer to run a pilot campaign.",https://www.google.com/maps/search/Seymour%27s+Garage+San+Antonio+TX
IPAC Body Shop,,(210) 406-0111,leads@ipacnissan.net,http://www.ipacauto.com,"San Antonio, TX 78238",TX,,65,Auto Repair,"$1,500",0.0,2,Yes,MED,No tracking pixels; Almost no reviews; No ads detected; Standard retainer potential,"PAIN: IPAC Body Shop has almost no online reviews — invisible to new customers; is running zero paid ads — competitors are capturing all the paid traffic; has no Analytics or Meta Pixel — can't measure or retarget. | OPPORTUNITY: Auto Repair in San Antonio with estimated retainer value of $1,500/mo. High competition niche where digital presence = phone calls. | PITCH: Lead with paid ads audit. Show them competitors running ads and estimate what they're spending. Offer to run a pilot campaign.",https://www.google.com/maps/search/IPAC+Body+Shop+San+Antonio+TX
Hair Affairs Salon,,(210) 495-7895,,http://www.yourhairaffairs.com,"San Antonio, TX 78247",TX,,65,Salon,"$1,000",0.0,6,No,LOW,Slow website; No tracking pixels; Almost no reviews; No ads detected; Standard retainer potential,"PAIN: Hair Affairs Salon has almost no online reviews — invisible to new customers; is running zero paid ads — competitors are capturing all the paid traffic; has no Analytics or Meta Pixel — can't measure or retarget. | OPPORTUNITY: Salon in San Antonio with estimated retainer value of $1,000/mo. High competition niche where digital presence = phone calls. | PITCH: Lead with paid ads audit. Show them competitors running ads and estimate what they're spending. Offer to run a pilot campaign.",https://www.google.com/maps/search/Hair+Affairs+Salon+San+Antonio+TX
Regal Nails,,(210) 496-9306,comments@regalnails.com,http://www.regalnails.com,"San Antonio, TX 78232",TX,,65,Salon,"$1,000",0.0,1,Yes,LOW,Poor SEO on-page; Almost no reviews; No ads detected; Some SEO issues; Standard retainer potential,"PAIN: Regal Nails has almost no online reviews — invisible to new customers; is running zero paid ads — competitors are capturing all the paid traffic. | OPPORTUNITY: Salon in San Antonio with estimated retainer value of $1,000/mo. High competition niche where digital presence = phone calls. | PITCH: Lead with paid ads audit. Show them competitors running ads and estimate what they're spending. Offer to run a pilot campaign.",https://www.google.com/maps/search/Regal+Nails+San+Antonio+TX
H&I Construction & Remodeling Inc.,,(210) 782-8395,ckhcustom@msn.com,https://www.handiconstruction.com,"San Antonio, TX 78260",TX,,63,Roofing,"$4,000",0.0,24,Yes,HIGH,No contact form; Low reviews; No ads detected; High urgency niche; High retainer potential ($3k+/mo),"PAIN: H&I Construction & Remodeling Inc. has under 50 reviews — struggling to build trust online; is running zero paid ads — competitors are capturing all the paid traffic. | OPPORTUNITY: Roofing in San Antonio with estimated retainer value of $4,000/mo. High competition niche where digital presence = phone calls. | PITCH: Lead with paid ads audit. Show them competitors running ads and estimate what they're spending. Offer to run a pilot campaign.",https://www.google.com/maps/search/H%26I+Construction+%26+Remodeling+Inc.+San+Antonio+TX
SERVPRO of East San Antonio,,(210) 404-4243,,https://www.servpro.com/locations/tx/servpro-of-east-san-antonio,"San Antonio, TX 78220",TX,,63,Restoration,"$4,500",0.0,12,No,HIGH,No contact form; Low reviews; No ads detected; High urgency niche; High retainer potential ($3k+/mo),"PAIN: SERVPRO of East San Antonio has under 50 reviews — struggling to build trust online; is running zero paid ads — competitors are capturing all the paid traffic. | OPPORTUNITY: Restoration in San Antonio with estimated retainer value of $4,500/mo. High competition niche where digital presence = phone calls. | PITCH: Lead with paid ads audit. Show them competitors running ads and estimate what they're spending. Offer to run a pilot campaign.",https://www.google.com/maps/search/SERVPRO+of+East+San+Antonio+San+Antonio+TX
Detailed Dental,,(210) 903-4568,,http://www.detaileddental.com,"San Antonio, TX 78249",TX,,63,Dental,"$3,000",0.0,7,No,MED,No contact form; Almost no reviews; No ads detected; High retainer potential ($3k+/mo),"PAIN: Detailed Dental has almost no online reviews — invisible to new customers; is running zero paid ads — competitors are capturing all the paid traffic. | OPPORTUNITY: Dental in San Antonio with estimated retainer value of $3,000/mo. High competition niche where digital presence = phone calls. | PITCH: Lead with paid ads audit. Show them competitors running ads and estimate what they're spending. Offer to run a pilot campaign.",https://www.google.com/maps/search/Detailed+Dental+San+Antonio+TX
"Amir, Hosseini, DDS",,(210) 614-4700,info@weomedia.com,http://aestheticperiodontist.com,"San Antonio, TX 78240",TX,,63,Dental,"$3,000",0.0,21,Yes,MED,No tracking pixels; No contact form; Low reviews; No ads detected; High retainer potential ($3k+/mo),"PAIN: Amir, Hosseini, DDS has under 50 reviews — struggling to build trust online; is running zero paid ads — competitors are capturing all the paid traffic; has no Analytics or Meta Pixel — can't measure or retarget. | OPPORTUNITY: Dental in San Antonio with estimated retainer value of $3,000/mo. High competition niche where digital presence = phone calls. | PITCH: Lead with paid ads audit. Show them competitors running ads and estimate what they're spending. Offer to run a pilot campaign.",https://www.google.com/maps/search/Amir%2C+Hosseini%2C+DDS+San+Antonio+TX
Correct Connect Chiropractic,,(210) 307-4294,info@ccchiro-sa.com,https://ccchiro-sa.com,"San Antonio, TX 78229",TX,,63,Chiro,"$2,500",0.0,2,Yes,MED,No contact form; Almost no reviews; No ads detected; Solid retainer potential ($2k+/mo),"PAIN: Correct Connect Chiropractic has almost no online reviews — invisible to new customers; is running zero paid ads — competitors are capturing all the paid traffic. | OPPORTUNITY: Chiro in San Antonio with estimated retainer value of $2,500/mo. High competition niche where digital presence = phone calls. | PITCH: Lead with paid ads audit. Show them competitors running ads and estimate what they're spending. Offer to run a pilot campaign.",https://www.google.com/maps/search/Correct+Connect+Chiropractic+San+Antonio+TX
River City Chiropractic,,(210) 682-9696,,http://www.chiropracticsa.com,"San Antonio, TX 78238",TX,,63,Chiro,"$2,500",0.0,25,No,MED,No tracking pixels; No contact form; Low reviews; No ads detected; Solid retainer potential ($2k+/mo),"PAIN: River City Chiropractic has under 50 reviews — struggling to build trust online; is running zero paid ads — competitors are capturing all the paid traffic; has no Analytics or Meta Pixel — can't measure or retarget. | OPPORTUNITY: Chiro in San Antonio with estimated retainer value of $2,500/mo. High competition niche where digital presence = phone calls. | PITCH: Lead with paid ads audit. Show them competitors running ads and estimate what they're spending. Offer to run a pilot campaign.",https://www.google.com/maps/search/River+City+Chiropractic+San+Antonio+TX
HydraHive | IV and Med Spa | Wellness Begins Here,,(210) 255-1593,info@hydrahivesa.com,https://www.hydrahivesa.com,"San Antonio, TX 78212",TX,,63,Med Spa,"$4,000",0.0,3,Yes,MED,No contact form; Almost no reviews; No ads detected; High retainer potential ($3k+/mo),"PAIN: HydraHive | IV and Med Spa | Wellness Begins Here has almost no online reviews — invisible to new customers; is running zero paid ads — competitors are capturing all the paid traffic. | OPPORTUNITY: Med Spa in San Antonio with estimated retainer value of $4,000/mo. High competition niche where digital presence = phone calls. | PITCH: Lead with paid ads audit. Show them competitors running ads and estimate what they're spending. Offer to run a pilot campaign.",https://www.google.com/maps/search/HydraHive+%7C+IV+and+Med+Spa+%7C+Wellness+Begins+Here+San+Antonio+TX
Travis Industries Inc,,(210) 729-5608,info@137particles.com,http://travis-industries.com,"San Antonio, TX 78223",TX,,63,Contractor,"$2,000",0.0,8,Yes,LOW,No tracking pixels; No contact form; Almost no reviews; No ads detected; Solid retainer potential ($2k+/mo),"PAIN: Travis Industries Inc has almost no online reviews — invisible to new customers; is running zero paid ads — competitors are capturing all the paid traffic; has no Analytics or Meta Pixel — can't measure or retarget. | OPPORTUNITY: Contractor in San Antonio with estimated retainer value of $2,000/mo. High competition niche where digital presence = phone calls. | PITCH: Lead with paid ads audit. Show them competitors running ads and estimate what they're spending. Offer to run a pilot campaign.",https://www.google.com/maps/search/Travis+Industries+Inc+San+Antonio+TX
Crew Cut Lawn and Landscape,,(210) 688-7557,,http://crewcutlawnandlandscape.localsearch.com,"San Antonio, TX 78254",TX,,63,Landscaping,"$2,000",0.0,45,No,LOW,No tracking pixels; No contact form; Low reviews; No ads detected; Some SEO issues; Solid retainer potential ($2k+/mo),"PAIN: Crew Cut Lawn and Landscape has under 50 reviews — struggling to build trust online; is running zero paid ads — competitors are capturing all the paid traffic; has no Analytics or Meta Pixel — can't measure or retarget. | OPPORTUNITY: Landscaping in San Antonio with estimated retainer value of $2,000/mo. High competition niche where digital presence = phone calls. | PITCH: Lead with paid ads audit. Show them competitors running ads and estimate what they're spending. Offer to run a pilot campaign.",https://www.google.com/maps/search/Crew+Cut+Lawn+and+Landscape+San+Antonio+TX
The Pool Maid,,(210) 740-1240,,http://thepoolmaidtx.localsearch.com,"San Antonio, TX 78253",TX,,63,Pool,"$2,000",0.0,18,No,LOW,No tracking pixels; No contact form; Low reviews; No ads detected; Some SEO issues; Solid retainer potential ($2k+/mo),"PAIN: The Pool Maid has under 50 reviews — struggling to build trust online; is running zero paid ads — competitors are capturing all the paid traffic; has no Analytics or Meta Pixel — can't measure or retarget. | OPPORTUNITY: Pool in San Antonio with estimated retainer value of $2,000/mo. High competition niche where digital presence = phone calls. | PITCH: Lead with paid ads audit. Show them competitors running ads and estimate what they're spending. Offer to run a pilot campaign.",https://www.google.com/maps/search/The+Pool+Maid+San+Antonio+TX
Tim Patten dba Patten Pools,,(210) 849-7374,,http://timpattendbapattenpools.localsearch.com,"San Antonio, TX 78209",TX,,63,Pool,"$2,000",0.0,40,No,LOW,No tracking pixels; No contact form; Low reviews; No ads detected; Some SEO issues; Solid retainer potential ($2k+/mo),"PAIN: Tim Patten dba Patten Pools has under 50 reviews — struggling to build trust online; is running zero paid ads — competitors are capturing all the paid traffic; has no Analytics or Meta Pixel — can't measure or retarget. | OPPORTUNITY: Pool in San Antonio with estimated retainer value of $2,000/mo. High competition niche where digital presence = phone calls. | PITCH: Lead with paid ads audit. Show them competitors running ads and estimate what they're spending. Offer to run a pilot campaign.",https://www.google.com/maps/search/Tim+Patten+dba+Patten+Pools+San+Antonio+TX
"Alamo City Truck Service, Inc.",,(866) 439-1147,rvela@alamocitytruck.com,http://www.alamocitytruck.com,"San Antonio, TX 78219",TX,,63,Auto Repair,"$1,500",0.0,38,Yes,MED,No tracking pixels; No contact form; Low reviews; No ads detected; Standard retainer potential,"PAIN: Alamo City Truck Service, Inc. has under 50 reviews — struggling to build trust online; is running zero paid ads — competitors are capturing all the paid traffic; has no Analytics or Meta Pixel — can't measure or retarget. | OPPORTUNITY: Auto Repair in San Antonio with estimated retainer value of $1,500/mo. High competition niche where digital presence = phone calls. | PITCH: Lead with paid ads audit. Show them competitors running ads and estimate what they're spending. Offer to run a pilot campaign.",https://www.google.com/maps/search/Alamo+City+Truck+Service%2C+Inc.+San+Antonio+TX
Auto-Republic Collision Repair Center,,(210) 245-4641,amoreno@auto-republic.repair,https://www.autobodyrepairsanantonio.com,"San Antonio, TX 78239",TX,,63,Auto Repair,"$1,500",0.0,1,Yes,MED,No contact form; Almost no reviews; No ads detected; Standard retainer potential,"PAIN: Auto-Republic Collision Repair Center has almost no online reviews — invisible to new customers; is running zero paid ads — competitors are capturing all the paid traffic. | OPPORTUNITY: Auto Repair in San Antonio with estimated retainer value of $1,500/mo. High competition niche where digital presence = phone calls. | PITCH: Lead with paid ads audit. Show them competitors running ads and estimate what they're spending. Offer to run a pilot campaign.",https://www.google.com/maps/search/Auto-Republic+Collision+Repair+Center+San+Antonio+TX
Joe's Gym,,(210) 736-5151,,http://joegym.weebly.com,"San Antonio, TX 78201",TX,,63,Fitness,"$1,500",0.0,38,No,LOW,Not mobile-friendly; No contact form; Low reviews; No ads detected; Some SEO issues; Standard retainer potential,"PAIN: Joe's Gym has under 50 reviews — struggling to build trust online; is running zero paid ads — competitors are capturing all the paid traffic; site isn't mobile-friendly — losing 60%+ of local searchers. | OPPORTUNITY: Fitness in San Antonio with estimated retainer value of $1,500/mo. High competition niche where digital presence = phone calls. | PITCH: Lead with paid ads audit. Show them competitors running ads and estimate what they're spending. Offer to run a pilot campaign.",https://www.google.com/maps/search/Joe%27s+Gym+San+Antonio+TX
Fitness 19,,(210) 509-0019,,http://fitness192883226.localsearch.com,"San Antonio, TX 78254",TX,,63,Fitness,"$1,500",0.0,11,No,LOW,No tracking pixels; No contact form; Low reviews; No ads detected; Some SEO issues; Standard retainer potential,"PAIN: Fitness 19 has under 50 reviews — struggling to build trust online; is running zero paid ads — competitors are capturing all the paid traffic; has no Analytics or Meta Pixel — can't measure or retarget. | OPPORTUNITY: Fitness in San Antonio with estimated retainer value of $1,500/mo. High competition niche where digital presence = phone calls. | PITCH: Lead with paid ads audit. Show them competitors running ads and estimate what they're spending. Offer to run a pilot campaign.",https://www.google.com/maps/search/Fitness+19+San+Antonio+TX
Gold's Gym,,(210) 408-9050,websiteinquiries@goldsgym.com,https://www.goldsgym.com/locations/TX/san-antonio-rogers-ranch,"San Antonio, TX 78258",TX,,63,Fitness,"$1,500",0.0,25,Yes,LOW,Slow website; No tracking pixels; No contact form; Low reviews; No ads detected; Standard retainer potential,"PAIN: Gold's Gym has under 50 reviews — struggling to build trust online; is running zero paid ads — competitors are capturing all the paid traffic; has no Analytics or Meta Pixel — can't measure or retarget. | OPPORTUNITY: Fitness in San Antonio with estimated retainer value of $1,500/mo. High competition niche where digital presence = phone calls. | PITCH: Lead with paid ads audit. Show them competitors running ads and estimate what they're spending. Offer to run a pilot campaign.",https://www.google.com/maps/search/Gold%27s+Gym+San+Antonio+TX
Image Gallery,,(210) 805-0966,,http://imagegallerytx.localsearch.com,"San Antonio, TX 78212",TX,,63,Salon,"$1,000",0.0,25,No,LOW,No tracking pixels; No contact form; Low reviews; No ads detected; Some SEO issues; Standard retainer potential,"PAIN: Image Gallery has under 50 reviews — struggling to build trust online; is running zero paid ads — competitors are capturing all the paid traffic; has no Analytics or Meta Pixel — can't measure or retarget. | OPPORTUNITY: Salon in San Antonio with estimated retainer value of $1,000/mo. High competition niche where digital presence = phone calls. | PITCH: Lead with paid ads audit. Show them competitors running ads and estimate what they're spending. Offer to run a pilot campaign.",https://www.google.com/maps/search/Image+Gallery+San+Antonio+TX
Sport Clips Haircuts of Brooks City Base Landing,,(210) 337-7070,contact.us@sportclips.com,https://sportclips.com/us-tx-sanantonio-tx311,"San Antonio, TX 78223",TX,,63,Salon,"$1,000",0.0,2,Yes,LOW,No tracking pixels; No contact form; Almost no reviews; No ads detected; Standard retainer potential,"PAIN: Sport Clips Haircuts of Brooks City Base Landing has almost no online reviews — invisible to new customers; is running zero paid ads — competitors are capturing all the paid traffic; has no Analytics or Meta Pixel — can't measure or retarget. | OPPORTUNITY: Salon in San Antonio with estimated retainer value of $1,000/mo. High competition niche where digital presence = phone calls. | PITCH: Lead with paid ads audit. Show them competitors running ads and estimate what they're spending. Offer to run a pilot campaign.",https://www.google.com/maps/search/Sport+Clips+Haircuts+of+Brooks+City+Base+Landing+San+Antonio+TX
Stan Tha Man Barber Shop,,(210) 222-9160,,http://stanthamanbarbershop.localsearch.com,"San Antonio, TX 78218",TX,,63,Salon,"$1,000",0.0,16,No,LOW,No tracking pixels; No contact form; Low reviews; No ads detected; Some SEO issues; Standard retainer potential,"PAIN: Stan Tha Man Barber Shop has under 50 reviews — struggling to build trust online; is running zero paid ads — competitors are capturing all the paid traffic; has no Analytics or Meta Pixel — can't measure or retarget. | OPPORTUNITY: Salon in San Antonio with estimated retainer value of $1,000/mo. High competition niche where digital presence = phone calls. | PITCH: Lead with paid ads audit. Show them competitors running ads and estimate what they're spending. Offer to run a pilot campaign.",https://www.google.com/maps/search/Stan+Tha+Man+Barber+Shop+San+Antonio+TX
Lee Nails,,(210) 561-1220,,http://leenails6031836.localsearch.com,"San Antonio, TX 78257",TX,,63,Salon,"$1,000",0.0,11,No,LOW,No tracking pixels; No contact form; Low reviews; No ads detected; Some SEO issues; Standard retainer potential,"PAIN: Lee Nails has under 50 reviews — struggling to build trust online; is running zero paid ads — competitors are capturing all the paid traffic; has no Analytics or Meta Pixel — can't measure or retarget. | OPPORTUNITY: Salon in San Antonio with estimated retainer value of $1,000/mo. High competition niche where digital presence = phone calls. | PITCH: Lead with paid ads audit. Show them competitors running ads and estimate what they're spending. Offer to run a pilot campaign.",https://www.google.com/maps/search/Lee+Nails+San+Antonio+TX
Lily Nails,,(210) 340-6226,,http://lilynails4921203.localsearch.com,"San Antonio, TX 78231",TX,,63,Salon,"$1,000",0.0,31,No,LOW,No tracking pixels; No contact form; Low reviews; No ads detected; Some SEO issues; Standard retainer potential,"PAIN: Lily Nails has under 50 reviews — struggling to build trust online; is running zero paid ads — competitors are capturing all the paid traffic; has no Analytics or Meta Pixel — can't measure or retarget. | OPPORTUNITY: Salon in San Antonio with estimated retainer value of $1,000/mo. High competition niche where digital presence = phone calls. | PITCH: Lead with paid ads audit. Show them competitors running ads and estimate what they're spending. Offer to run a pilot campaign.",https://www.google.com/maps/search/Lily+Nails+San+Antonio+TX
Roto-Rooter Plumbing & Water Cleanup,,(210) 879-4723,,https://www.rotorooter.com/northsanantonio/?utm_source=iyp&utm_medium=paid&utm_campaign=iyp,"San Antonio, TX 78247",TX,,60,Plumbing,"$3,500",0.0,24,No,HIGH,Low reviews; No ads detected; High urgency niche; High retainer potential ($3k+/mo),"PAIN: Roto-Rooter Plumbing & Water Cleanup has under 50 reviews — struggling to build trust online; is running zero paid ads — competitors are capturing all the paid traffic. | OPPORTUNITY: Plumbing in San Antonio with estimated retainer value of $3,500/mo. High competition niche where digital presence = phone calls. | PITCH: Lead with paid ads audit. Show them competitors running ads and estimate what they're spending. Offer to run a pilot campaign.",https://www.google.com/maps/search/Roto-Rooter+Plumbing+%26+Water+Cleanup+San+Antonio+TX
Fresh Air Restoration and Cleaning,,(726) 202-1570,chris@freshairsa.com,https://freshairsa.com,"San Antonio, TX 78213",TX,,60,Restoration,"$4,500",0.0,35,Yes,HIGH,Low reviews; No ads detected; High urgency niche; High retainer potential ($3k+/mo),"PAIN: Fresh Air Restoration and Cleaning has under 50 reviews — struggling to build trust online; is running zero paid ads — competitors are capturing all the paid traffic. | OPPORTUNITY: Restoration in San Antonio with estimated retainer value of $4,500/mo. High competition niche where digital presence = phone calls. | PITCH: Lead with paid ads audit. Show them competitors running ads and estimate what they're spending. Offer to run a pilot campaign.",https://www.google.com/maps/search/Fresh+Air+Restoration+and+Cleaning+San+Antonio+TX
Rodriguez Trial Law,,(210) 610-2639,fidel@fidrodlaw.com,https://www.fidrodlaw.com,"San Antonio, TX 78212",TX,,60,Law Firm,"$5,000",0.0,41,Yes,HIGH,Low reviews; No ads detected; High urgency niche; High retainer potential ($3k+/mo),"PAIN: Rodriguez Trial Law has under 50 reviews — struggling to build trust online; is running zero paid ads — competitors are capturing all the paid traffic. | OPPORTUNITY: Law Firm in San Antonio with estimated retainer value of $5,000/mo. High competition niche where digital presence = phone calls. | PITCH: Lead with paid ads audit. Show them competitors running ads and estimate what they're spending. Offer to run a pilot campaign.",https://www.google.com/maps/search/Rodriguez+Trial+Law+San+Antonio+TX
Wayne Wright LLP Injury Lawyers,,(210) 888-8888,help@waynewright.com,http://www.waynewright.com,"San Antonio, TX 78201",TX,,60,Law Firm,"$5,000",0.0,20,Yes,HIGH,Low reviews; No ads detected; High urgency niche; High retainer potential ($3k+/mo),"PAIN: Wayne Wright LLP Injury Lawyers has under 50 reviews — struggling to build trust online; is running zero paid ads — competitors are capturing all the paid traffic. | OPPORTUNITY: Law Firm in San Antonio with estimated retainer value of $5,000/mo. High competition niche where digital presence = phone calls. | PITCH: Lead with paid ads audit. Show them competitors running ads and estimate what they're spending. Offer to run a pilot campaign.",https://www.google.com/maps/search/Wayne+Wright+LLP+Injury+Lawyers+San+Antonio+TX
Paula Perez Law,,(210) 418-4101,info@indiantypefoundry.com,http://www.pauladperezlaw.com,"San Antonio, TX 78230",TX,,60,Law Firm,"$5,000",0.0,10,Yes,HIGH,Low reviews; No ads detected; High urgency niche; High retainer potential ($3k+/mo),"PAIN: Paula Perez Law has under 50 reviews — struggling to build trust online; is running zero paid ads — competitors are capturing all the paid traffic. | OPPORTUNITY: Law Firm in San Antonio with estimated retainer value of $5,000/mo. High competition niche where digital presence = phone calls. | PITCH: Lead with paid ads audit. Show them competitors running ads and estimate what they're spending. Offer to run a pilot campaign.",https://www.google.com/maps/search/Paula+Perez+Law+San+Antonio+TX
Virgen & Virgen Attorneys At Law,,(210) 737-6999,,http://www.virgenlaw.com,"San Antonio, TX 78201",TX,,60,Law Firm,"$5,000",0.0,34,No,HIGH,Low reviews; No ads detected; High urgency niche; High retainer potential ($3k+/mo),"PAIN: Virgen & Virgen Attorneys At Law has under 50 reviews — struggling to build trust online; is running zero paid ads — competitors are capturing all the paid traffic. | OPPORTUNITY: Law Firm in San Antonio with estimated retainer value of $5,000/mo. High competition niche where digital presence = phone calls. | PITCH: Lead with paid ads audit. Show them competitors running ads and estimate what they're spending. Offer to run a pilot campaign.",https://www.google.com/maps/search/Virgen+%26+Virgen+Attorneys+At+Law+San+Antonio+TX
Cordell & Cordell - San Antonio,,(210) 544-5644,,http://www.cordellcordell.com/offices/texas/san-antonio,"San Antonio, TX 78217",TX,,60,Law Firm,"$3,500",0.0,36,No,HIGH,Low reviews; No ads detected; High urgency niche; High retainer potential ($3k+/mo),"PAIN: Cordell & Cordell - San Antonio has under 50 reviews — struggling to build trust online; is running zero paid ads — competitors are capturing all the paid traffic. | OPPORTUNITY: Law Firm in San Antonio with estimated retainer value of $3,500/mo. High competition niche where digital presence = phone calls. | PITCH: Lead with paid ads audit. Show them competitors running ads and estimate what they're spending. Offer to run a pilot campaign.",https://www.google.com/maps/search/Cordell+%26+Cordell+-+San+Antonio+San+Antonio+TX
Wincott Law Firm P.C.,,(210) 474-6221,,http://www.wincottlaw.com,"San Antonio, TX 78215",TX,,60,Law Firm,"$3,000",0.0,20,No,MED,No tracking pixels; Low reviews; No ads detected; High retainer potential ($3k+/mo),"PAIN: Wincott Law Firm P.C. has under 50 reviews — struggling to build trust online; is running zero paid ads — competitors are capturing all the paid traffic; has no Analytics or Meta Pixel — can't measure or retarget. | OPPORTUNITY: Law Firm in San Antonio with estimated retainer value of $3,000/mo. High competition niche where digital presence = phone calls. | PITCH: Lead with paid ads audit. Show them competitors running ads and estimate what they're spending. Offer to run a pilot campaign.",https://www.google.com/maps/search/Wincott+Law+Firm+P.C.+San+Antonio+TX
Schwartz Richard,,(210) 497-6699,,http://endosa.com,"San Antonio, TX 78258",TX,,60,Dental,"$3,000",0.0,19,No,MED,No tracking pixels; Low reviews; No ads detected; High retainer potential ($3k+/mo),"PAIN: Schwartz Richard has under 50 reviews — struggling to build trust online; is running zero paid ads — competitors are capturing all the paid traffic; has no Analytics or Meta Pixel — can't measure or retarget. | OPPORTUNITY: Dental in San Antonio with estimated retainer value of $3,000/mo. High competition niche where digital presence = phone calls. | PITCH: Lead with paid ads audit. Show them competitors running ads and estimate what they're spending. Offer to run a pilot campaign.",https://www.google.com/maps/search/Schwartz+Richard+San+Antonio+TX
Miller Chiropractic,,(210) 953-5281,,https://www.millerchirosa.com,"San Antonio, TX 78229",TX,,60,Chiro,"$2,500",0.0,31,No,MED,No tracking pixels; Low reviews; No ads detected; Solid retainer potential ($2k+/mo),"PAIN: Miller Chiropractic has under 50 reviews — struggling to build trust online; is running zero paid ads — competitors are capturing all the paid traffic; has no Analytics or Meta Pixel — can't measure or retarget. | OPPORTUNITY: Chiro in San Antonio with estimated retainer value of $2,500/mo. High competition niche where digital presence = phone calls. | PITCH: Lead with paid ads audit. Show them competitors running ads and estimate what they're spending. Offer to run a pilot campaign.",https://www.google.com/maps/search/Miller+Chiropractic+San+Antonio+TX
Skin Rejuvenation Clinique,,(210) 479-8200,info@skinrejuvenation.com,http://skinrejuvenation.com,"San Antonio, TX 78258",TX,,60,Med Spa,"$4,000",0.0,35,Yes,MED,No tracking pixels; Low reviews; No ads detected; High retainer potential ($3k+/mo),"PAIN: Skin Rejuvenation Clinique has under 50 reviews — struggling to build trust online; is running zero paid ads — competitors are capturing all the paid traffic; has no Analytics or Meta Pixel — can't measure or retarget. | OPPORTUNITY: Med Spa in San Antonio with estimated retainer value of $4,000/mo. High competition niche where digital presence = phone calls. | PITCH: Lead with paid ads audit. Show them competitors running ads and estimate what they're spending. Offer to run a pilot campaign.",https://www.google.com/maps/search/Skin+Rejuvenation+Clinique+San+Antonio+TX
Ayala John MD F.A.C.S.,,(210) 692-3223,,http://www.ayalaplasticsurgery.com,"San Antonio, TX 78229",TX,,60,Med Spa,"$5,000",0.0,1,No,MED,Almost no reviews; No ads detected; High retainer potential ($3k+/mo),"PAIN: Ayala John MD F.A.C.S. has almost no online reviews — invisible to new customers; is running zero paid ads — competitors are capturing all the paid traffic. | OPPORTUNITY: Med Spa in San Antonio with estimated retainer value of $5,000/mo. High competition niche where digital presence = phone calls. | PITCH: Lead with paid ads audit. Show them competitors running ads and estimate what they're spending. Offer to run a pilot campaign.",https://www.google.com/maps/search/Ayala+John+MD+F.A.C.S.+San+Antonio+TX
Dr Garza Plastic Surgery,,(210) 801-8585,drgarza@drgarzaplasticsurgery.com,https://www.drgarzaplasticsurgery.com,"San Antonio, TX 78258",TX,,60,Med Spa,"$5,000",0.0,1,Yes,MED,Almost no reviews; No ads detected; High retainer potential ($3k+/mo),"PAIN: Dr Garza Plastic Surgery has almost no online reviews — invisible to new customers; is running zero paid ads — competitors are capturing all the paid traffic. | OPPORTUNITY: Med Spa in San Antonio with estimated retainer value of $5,000/mo. High competition niche where digital presence = phone calls. | PITCH: Lead with paid ads audit. Show them competitors running ads and estimate what they're spending. Offer to run a pilot campaign.",https://www.google.com/maps/search/Dr+Garza+Plastic+Surgery+San+Antonio+TX
Alamo Plastic Surgery,,(210) 670-5302,hello@alamoplasticsurgery.com,http://www.alamoplasticsurgery.com,"San Antonio, TX 78258",TX,,60,Med Spa,"$5,000",0.0,9,Yes,MED,Almost no reviews; No ads detected; High retainer potential ($3k+/mo),"PAIN: Alamo Plastic Surgery has almost no online reviews — invisible to new customers; is running zero paid ads — competitors are capturing all the paid traffic. | OPPORTUNITY: Med Spa in San Antonio with estimated retainer value of $5,000/mo. High competition niche where digital presence = phone calls. | PITCH: Lead with paid ads audit. Show them competitors running ads and estimate what they're spending. Offer to run a pilot campaign.",https://www.google.com/maps/search/Alamo+Plastic+Surgery+San+Antonio+TX
Critter Evictor,,(210) 643-1352,,http://www.animalcontrolsanantonio.com,"San Antonio, TX 78216",TX,,60,Pest Control,"$2,500",0.0,3,No,MED,Almost no reviews; No ads detected; Solid retainer potential ($2k+/mo),"PAIN: Critter Evictor has almost no online reviews — invisible to new customers; is running zero paid ads — competitors are capturing all the paid traffic. | OPPORTUNITY: Pest Control in San Antonio with estimated retainer value of $2,500/mo. High competition niche where digital presence = phone calls. | PITCH: Lead with paid ads audit. Show them competitors running ads and estimate what they're spending. Offer to run a pilot campaign.",https://www.google.com/maps/search/Critter+Evictor+San+Antonio+TX
Pied Piper Pest Control,,(210) 826-2030,scott@sabugs.com,http://www.sabugs.com,San Antonio,TX,,60,Pest Control,"$2,500",0.0,3,Yes,MED,Almost no reviews; No ads detected; Solid retainer potential ($2k+/mo),"PAIN: Pied Piper Pest Control has almost no online reviews — invisible to new customers; is running zero paid ads — competitors are capturing all the paid traffic. | OPPORTUNITY: Pest Control in San Antonio with estimated retainer value of $2,500/mo. High competition niche where digital presence = phone calls. | PITCH: Lead with paid ads audit. Show them competitors running ads and estimate what they're spending. Offer to run a pilot campaign.",https://www.google.com/maps/search/Pied+Piper+Pest+Control+San+Antonio+TX
Bella Bugs,,(210) 745-2200,bb@bellabugs.com,http://www.bellabugs.com,"San Antonio, TX 78213",TX,,60,Pest Control,"$2,500",0.0,2,Yes,MED,Almost no reviews; No ads detected; Solid retainer potential ($2k+/mo),"PAIN: Bella Bugs has almost no online reviews — invisible to new customers; is running zero paid ads — competitors are capturing all the paid traffic. | OPPORTUNITY: Pest Control in San Antonio with estimated retainer value of $2,500/mo. High competition niche where digital presence = phone calls. | PITCH: Lead with paid ads audit. Show them competitors running ads and estimate what they're spending. Offer to run a pilot campaign.",https://www.google.com/maps/search/Bella+Bugs+San+Antonio+TX
Pinch A Penny Pool Patio Spa,,(210) 990-9991,,https://pinchapenny.com/stores/sanantonio-tx-293,"San Antonio, TX 78247",TX,,60,Pool,"$2,000",0.0,2,No,LOW,No tracking pixels; Almost no reviews; No ads detected; Solid retainer potential ($2k+/mo),"PAIN: Pinch A Penny Pool Patio Spa has almost no online reviews — invisible to new customers; is running zero paid ads — competitors are capturing all the paid traffic; has no Analytics or Meta Pixel — can't measure or retarget. | OPPORTUNITY: Pool in San Antonio with estimated retainer value of $2,000/mo. High competition niche where digital presence = phone calls. | PITCH: Lead with paid ads audit. Show them competitors running ads and estimate what they're spending. Offer to run a pilot campaign.",https://www.google.com/maps/search/Pinch+A+Penny+Pool+Patio+Spa+San+Antonio+TX
Martinez Tire & Auto Center,,(726) 222-3622,lmtz91@att.net,https://www.martineztiresanantoniotx.com,"San Antonio, TX 78233",TX,,60,Auto Repair,"$1,500",0.0,38,Yes,MED,No tracking pixels; Low reviews; No ads detected; Standard retainer potential,"PAIN: Martinez Tire & Auto Center has under 50 reviews — struggling to build trust online; is running zero paid ads — competitors are capturing all the paid traffic; has no Analytics or Meta Pixel — can't measure or retarget. | OPPORTUNITY: Auto Repair in San Antonio with estimated retainer value of $1,500/mo. High competition niche where digital presence = phone calls. | PITCH: Lead with paid ads audit. Show them competitors running ads and estimate what they're spending. Offer to run a pilot campaign.",https://www.google.com/maps/search/Martinez+Tire+%26+Auto+Center+San+Antonio+TX
Mac Haik's Southway Ford,,(210) 922-2222,name@domain.com,http://www.southwayford.com,"San Antonio, TX 78224",TX,,60,Auto Repair,"$1,500",0.0,5,Yes,MED,Almost no reviews; No ads detected; Standard retainer potential,"PAIN: Mac Haik's Southway Ford has almost no online reviews — invisible to new customers; is running zero paid ads — competitors are capturing all the paid traffic. | OPPORTUNITY: Auto Repair in San Antonio with estimated retainer value of $1,500/mo. High competition niche where digital presence = phone calls. | PITCH: Lead with paid ads audit. Show them competitors running ads and estimate what they're spending. Offer to run a pilot campaign.",https://www.google.com/maps/search/Mac+Haik%27s+Southway+Ford+San+Antonio+TX
Dent Dawg,,(210) 887-5672,chris@ninjast86.sg-host.com,http://www.dentdawg.net,"San Antonio, TX 78217",TX,,60,Auto Repair,"$1,500",0.0,7,Yes,MED,Almost no reviews; No ads detected; Standard retainer potential,"PAIN: Dent Dawg has almost no online reviews — invisible to new customers; is running zero paid ads — competitors are capturing all the paid traffic. | OPPORTUNITY: Auto Repair in San Antonio with estimated retainer value of $1,500/mo. High competition niche where digital presence = phone calls. | PITCH: Lead with paid ads audit. Show them competitors running ads and estimate what they're spending. Offer to run a pilot campaign.",https://www.google.com/maps/search/Dent+Dawg+San+Antonio+TX
Heavy Metal Fitness,,(210) 257-0504,,http://heavymetalfit.com,"San Antonio, TX 78247",TX,,60,Fitness,"$1,500",0.0,1,No,LOW,No tracking pixels; Almost no reviews; No ads detected; Standard retainer potential,"PAIN: Heavy Metal Fitness has almost no online reviews — invisible to new customers; is running zero paid ads — competitors are capturing all the paid traffic; has no Analytics or Meta Pixel — can't measure or retarget. | OPPORTUNITY: Fitness in San Antonio with estimated retainer value of $1,500/mo. High competition niche where digital presence = phone calls. | PITCH: Lead with paid ads audit. Show them competitors running ads and estimate what they're spending. Offer to run a pilot campaign.",https://www.google.com/maps/search/Heavy+Metal+Fitness+San+Antonio+TX
Nancy's Hair & Nail Spa,,(210) 520-6245,,http://groupon.com/biz/san-antonio/nancys-hair-and-nail-spa,"San Antonio, TX 78250",TX,,60,Salon,"$1,200",0.0,2,No,LOW,No tracking pixels; Almost no reviews; No ads detected; Standard retainer potential,"PAIN: Nancy's Hair & Nail Spa has almost no online reviews — invisible to new customers; is running zero paid ads — competitors are capturing all the paid traffic; has no Analytics or Meta Pixel — can't measure or retarget. | OPPORTUNITY: Salon in San Antonio with estimated retainer value of $1,200/mo. High competition niche where digital presence = phone calls. | PITCH: Lead with paid ads audit. Show them competitors running ads and estimate what they're spending. Offer to run a pilot campaign.",https://www.google.com/maps/search/Nancy%27s+Hair+%26+Nail+Spa+San+Antonio+TX
Hair Associates,,(210) 366-0339,,http://hair-associates-tx.hub.biz,"San Antonio, TX 78213",TX,,60,Salon,"$1,200",0.0,1,No,LOW,No tracking pixels; Almost no reviews; No ads detected; Standard retainer potential,"PAIN: Hair Associates has almost no online reviews — invisible to new customers; is running zero paid ads — competitors are capturing all the paid traffic; has no Analytics or Meta Pixel — can't measure or retarget. | OPPORTUNITY: Salon in San Antonio with estimated retainer value of $1,200/mo. High competition niche where digital presence = phone calls. | PITCH: Lead with paid ads audit. Show them competitors running ads and estimate what they're spending. Offer to run a pilot campaign.",https://www.google.com/maps/search/Hair+Associates+San+Antonio+TX
Eddie's Barber Shop,,(210) 494-3841,,http://www.joesbarbershop.com,"San Antonio, TX 78216",TX,,60,Salon,"$1,000",0.0,8,No,LOW,No tracking pixels; Almost no reviews; No ads detected; Standard retainer potential,"PAIN: Eddie's Barber Shop has almost no online reviews — invisible to new customers; is running zero paid ads — competitors are capturing all the paid traffic; has no Analytics or Meta Pixel — can't measure or retarget. | OPPORTUNITY: Salon in San Antonio with estimated retainer value of $1,000/mo. High competition niche where digital presence = phone calls. | PITCH: Lead with paid ads audit. Show them competitors running ads and estimate what they're spending. Offer to run a pilot campaign.",https://www.google.com/maps/search/Eddie%27s+Barber+Shop+San+Antonio+TX
Quarry,,(210) 333-8010,,https://quarrynailsbar.com/contact,"San Antonio, TX 78223",TX,,60,Salon,"$1,000",0.0,3,No,LOW,Poor SEO on-page; Almost no reviews; No ads detected; Standard retainer potential,"PAIN: Quarry has almost no online reviews — invisible to new customers; is running zero paid ads — competitors are capturing all the paid traffic. | OPPORTUNITY: Salon in San Antonio with estimated retainer value of $1,000/mo. High competition niche where digital presence = phone calls. | PITCH: Lead with paid ads audit. Show them competitors running ads and estimate what they're spending. Offer to run a pilot campaign.",https://www.google.com/maps/search/Quarry+San+Antonio+TX
Nail City,,(210) 359-8983,,http://www.citybasedentalcare.com,"San Antonio, TX 78223",TX,,60,Salon,"$1,000",0.0,3,No,LOW,No tracking pixels; Almost no reviews; No ads detected; Standard retainer potential,"PAIN: Nail City has almost no online reviews — invisible to new customers; is running zero paid ads — competitors are capturing all the paid traffic; has no Analytics or Meta Pixel — can't measure or retarget. | OPPORTUNITY: Salon in San Antonio with estimated retainer value of $1,000/mo. High competition niche where digital presence = phone calls. | PITCH: Lead with paid ads audit. Show them competitors running ads and estimate what they're spending. Offer to run a pilot campaign.",https://www.google.com/maps/search/Nail+City+San+Antonio+TX
Ann's Nail Salon,,(210) 682-7008,,http://ann-s-nails-beauty.hub.biz,"San Antonio, TX 78251",TX,,60,Salon,"$1,000",0.0,1,No,LOW,No tracking pixels; Almost no reviews; No ads detected; Standard retainer potential,"PAIN: Ann's Nail Salon has almost no online reviews — invisible to new customers; is running zero paid ads — competitors are capturing all the paid traffic; has no Analytics or Meta Pixel — can't measure or retarget. | OPPORTUNITY: Salon in San Antonio with estimated retainer value of $1,000/mo. High competition niche where digital presence = phone calls. | PITCH: Lead with paid ads audit. Show them competitors running ads and estimate what they're spending. Offer to run a pilot campaign.",https://www.google.com/maps/search/Ann%27s+Nail+Salon+San+Antonio+TX
Smile Structure Dentistry and Braces,,(210) 572-2385,schedule@smilestructure.com,https://www.smilestructure.com,"San Antonio, TX 78214",TX,,58,Dental,"$3,000",0.0,28,Yes,MED,No contact form; Low reviews; No ads detected; High retainer potential ($3k+/mo),"PAIN: Smile Structure Dentistry and Braces has under 50 reviews — struggling to build trust online; is running zero paid ads — competitors are capturing all the paid traffic. | OPPORTUNITY: Dental in San Antonio with estimated retainer value of $3,000/mo. High competition niche where digital presence = phone calls. | PITCH: Lead with paid ads audit. Show them competitors running ads and estimate what they're spending. Offer to run a pilot campaign.",https://www.google.com/maps/search/Smile+Structure+Dentistry+and+Braces+San+Antonio+TX
Smile Structure Dentistry and Braces,,(210) 546-1337,schedule@smilestructure.com,https://www.smilestructure.com,"San Antonio, TX 78238",TX,,58,Dental,"$3,000",0.0,24,Yes,MED,No contact form; Low reviews; No ads detected; High retainer potential ($3k+/mo),"PAIN: Smile Structure Dentistry and Braces has under 50 reviews — struggling to build trust online; is running zero paid ads — competitors are capturing all the paid traffic. | OPPORTUNITY: Dental in San Antonio with estimated retainer value of $3,000/mo. High competition niche where digital presence = phone calls. | PITCH: Lead with paid ads audit. Show them competitors running ads and estimate what they're spending. Offer to run a pilot campaign.",https://www.google.com/maps/search/Smile+Structure+Dentistry+and+Braces+San+Antonio+TX
"Peter Ledoux, MD",,(210) 239-9858,,https://prma-enhance.com/about-us/our-surgeons/peter-ledoux-md/?utm_source=loclisting&utm_medium=organic&utm_campaign=directory-listing&utm_content=PRMASAN-Ledoux&y_source=1_MTA2NzE1NzA0NC01NTMtbG9jYXRpb24ud2Vic2l0ZQ%3D%3D,"San Antonio, TX 78240",TX,,58,Med Spa,"$5,000",0.0,32,No,MED,No contact form; Low reviews; No ads detected; High retainer potential ($3k+/mo),"PAIN: Peter Ledoux, MD has under 50 reviews — struggling to build trust online; is running zero paid ads — competitors are capturing all the paid traffic. | OPPORTUNITY: Med Spa in San Antonio with estimated retainer value of $5,000/mo. High competition niche where digital presence = phone calls. | PITCH: Lead with paid ads audit. Show them competitors running ads and estimate what they're spending. Offer to run a pilot campaign.",https://www.google.com/maps/search/Peter+Ledoux%2C+MD+San+Antonio+TX
Ross Kim M,,(210) 225-2769,general@rossdermatology.com,http://www.drkimross.com,"San Antonio, TX 78212",TX,,58,Medical,"$3,000",0.0,47,Yes,MED,No contact form; Low reviews; No ads detected; High retainer potential ($3k+/mo),"PAIN: Ross Kim M has under 50 reviews — struggling to build trust online; is running zero paid ads — competitors are capturing all the paid traffic. | OPPORTUNITY: Medical in San Antonio with estimated retainer value of $3,000/mo. High competition niche where digital presence = phone calls. | PITCH: Lead with paid ads audit. Show them competitors running ads and estimate what they're spending. Offer to run a pilot campaign.",https://www.google.com/maps/search/Ross+Kim+M+San+Antonio+TX
Texas Institute of Dermatology Laser & Cosmetics,,(210) 698-6777,info@txid.org,http://www.txid.org,"San Antonio, TX 78257",TX,,58,Medical,"$3,000",0.0,17,Yes,MED,No contact form; Low reviews; No ads detected; High retainer potential ($3k+/mo),"PAIN: Texas Institute of Dermatology Laser & Cosmetics has under 50 reviews — struggling to build trust online; is running zero paid ads — competitors are capturing all the paid traffic. | OPPORTUNITY: Medical in San Antonio with estimated retainer value of $3,000/mo. High competition niche where digital presence = phone calls. | PITCH: Lead with paid ads audit. Show them competitors running ads and estimate what they're spending. Offer to run a pilot campaign.",https://www.google.com/maps/search/Texas+Institute+of+Dermatology+Laser+%26+Cosmetics+San+Antonio+TX
MJ Septic LLC,,(844) 681-4465,,https://www.mjseptic.com,"San Antonio, TX 78260",TX,,58,Contractor,"$2,500",0.0,18,No,MED,No contact form; Low reviews; No ads detected; Solid retainer potential ($2k+/mo),"PAIN: MJ Septic LLC has under 50 reviews — struggling to build trust online; is running zero paid ads — competitors are capturing all the paid traffic. | OPPORTUNITY: Contractor in San Antonio with estimated retainer value of $2,500/mo. High competition niche where digital presence = phone calls. | PITCH: Lead with paid ads audit. Show them competitors running ads and estimate what they're spending. Offer to run a pilot campaign.",https://www.google.com/maps/search/MJ+Septic+LLC+San+Antonio+TX
Shaw Company Remodeling,,(210) 366-2380,info@shawcoremodeling.com,http://www.shawcoremodeling.com,"San Antonio, TX 78247",TX,,58,Contractor,"$2,000",0.0,4,Yes,LOW,No contact form; Almost no reviews; No ads detected; Solid retainer potential ($2k+/mo),"PAIN: Shaw Company Remodeling has almost no online reviews — invisible to new customers; is running zero paid ads — competitors are capturing all the paid traffic. | OPPORTUNITY: Contractor in San Antonio with estimated retainer value of $2,000/mo. High competition niche where digital presence = phone calls. | PITCH: Lead with paid ads audit. Show them competitors running ads and estimate what they're spending. Offer to run a pilot campaign.",https://www.google.com/maps/search/Shaw+Company+Remodeling+San+Antonio+TX
Encino Pest Control,,(210) 921-0969,,https://www.encinopestcontrol.com,San Antonio,TX,,58,Pest Control,"$2,500",0.0,10,No,MED,No contact form; Low reviews; No ads detected; Solid retainer potential ($2k+/mo),"PAIN: Encino Pest Control has under 50 reviews — struggling to build trust online; is running zero paid ads — competitors are capturing all the paid traffic. | OPPORTUNITY: Pest Control in San Antonio with estimated retainer value of $2,500/mo. High competition niche where digital presence = phone calls. | PITCH: Lead with paid ads audit. Show them competitors running ads and estimate what they're spending. Offer to run a pilot campaign.",https://www.google.com/maps/search/Encino+Pest+Control+San+Antonio+TX
Gerber Collision & Glass,,(210) 684-7333,,https://www.gerbercollision.com/locations/san-antonio-bandera-rd-tx,"San Antonio, TX 78238",TX,,58,Auto Repair,"$1,500",0.0,37,No,MED,No contact form; Low reviews; No ads detected; Standard retainer potential,"PAIN: Gerber Collision & Glass has under 50 reviews — struggling to build trust online; is running zero paid ads — competitors are capturing all the paid traffic. | OPPORTUNITY: Auto Repair in San Antonio with estimated retainer value of $1,500/mo. High competition niche where digital presence = phone calls. | PITCH: Lead with paid ads audit. Show them competitors running ads and estimate what they're spending. Offer to run a pilot campaign.",https://www.google.com/maps/search/Gerber+Collision+%26+Glass+San+Antonio+TX
Huebner Chiropractic,,(210) 697-9700,,https://www.huebnerchiro.com,"San Antonio, TX 78240",TX,,58,Fitness,"$1,500",0.0,1,No,LOW,No contact form; Almost no reviews; No ads detected; Standard retainer potential,"PAIN: Huebner Chiropractic has almost no online reviews — invisible to new customers; is running zero paid ads — competitors are capturing all the paid traffic. | OPPORTUNITY: Fitness in San Antonio with estimated retainer value of $1,500/mo. High competition niche where digital presence = phone calls. | PITCH: Lead with paid ads audit. Show them competitors running ads and estimate what they're spending. Offer to run a pilot campaign.",https://www.google.com/maps/search/Huebner+Chiropractic+San+Antonio+TX
Athena Hair & Skin Studio,,(210) 733-8855,,http://athenasalons.com,"San Antonio, TX 78229",TX,,58,Salon,"$1,200",0.0,2,No,LOW,No contact form; Almost no reviews; No ads detected; Standard retainer potential,"PAIN: Athena Hair & Skin Studio has almost no online reviews — invisible to new customers; is running zero paid ads — competitors are capturing all the paid traffic. | OPPORTUNITY: Salon in San Antonio with estimated retainer value of $1,200/mo. High competition niche where digital presence = phone calls. | PITCH: Lead with paid ads audit. Show them competitors running ads and estimate what they're spending. Offer to run a pilot campaign.",https://www.google.com/maps/search/Athena+Hair+%26+Skin+Studio+San+Antonio+TX
Clippers Barbershop,,(210) 757-3748,,https://clippersbarbershop-tx.com,"San Antonio, TX 78216",TX,,58,Salon,"$1,000",0.0,1,No,LOW,No contact form; Almost no reviews; No ads detected; Standard retainer potential,"PAIN: Clippers Barbershop has almost no online reviews — invisible to new customers; is running zero paid ads — competitors are capturing all the paid traffic. | OPPORTUNITY: Salon in San Antonio with estimated retainer value of $1,000/mo. High competition niche where digital presence = phone calls. | PITCH: Lead with paid ads audit. Show them competitors running ads and estimate what they're spending. Offer to run a pilot campaign.",https://www.google.com/maps/search/Clippers+Barbershop+San+Antonio+TX
Pretty Nails,,(210) 349-9741,,http://pretty-nails-san-antonio.keeq.io,"San Antonio, TX 78216",TX,,58,Salon,"$1,000",0.0,1,No,LOW,No contact form; Almost no reviews; No ads detected; Standard retainer potential,"PAIN: Pretty Nails has almost no online reviews — invisible to new customers; is running zero paid ads — competitors are capturing all the paid traffic. | OPPORTUNITY: Salon in San Antonio with estimated retainer value of $1,000/mo. High competition niche where digital presence = phone calls. | PITCH: Lead with paid ads audit. Show them competitors running ads and estimate what they're spending. Offer to run a pilot campaign.",https://www.google.com/maps/search/Pretty+Nails+San+Antonio+TX
First Nail Salon,,(210) 495-0549,,http://first-nail-san-antonio.edan.io,"San Antonio, TX 78232",TX,,58,Salon,"$1,000",0.0,1,No,LOW,No contact form; Almost no reviews; No ads detected; Standard retainer potential,"PAIN: First Nail Salon has almost no online reviews — invisible to new customers; is running zero paid ads — competitors are capturing all the paid traffic. | OPPORTUNITY: Salon in San Antonio with estimated retainer value of $1,000/mo. High competition niche where digital presence = phone calls. | PITCH: Lead with paid ads audit. Show them competitors running ads and estimate what they're spending. Offer to run a pilot campaign.",https://www.google.com/maps/search/First+Nail+Salon+San+Antonio+TX
Clarence R. Feller Jr. DDS,,(210) 496-1919,info@orbisdentalgroup.com,http://www.thehollywoodparkdentist.com,"San Antonio, TX 78232",TX,,55,Dental,"$3,000",0.0,17,Yes,MED,Low reviews; No ads detected; High retainer potential ($3k+/mo),"PAIN: Clarence R. Feller Jr. DDS has under 50 reviews — struggling to build trust online; is running zero paid ads — competitors are capturing all the paid traffic. | OPPORTUNITY: Dental in San Antonio with estimated retainer value of $3,000/mo. High competition niche where digital presence = phone calls. | PITCH: Lead with paid ads audit. Show them competitors running ads and estimate what they're spending. Offer to run a pilot campaign.",https://www.google.com/maps/search/Clarence+R.+Feller+Jr.+DDS+San+Antonio+TX
Texas Plastic Surgery,,(210) 450-0700,info@stallworthfacialplastics.com,https://texasplasticsurgery.com,"San Antonio, TX 78229",TX,,55,Med Spa,"$5,000",0.0,19,Yes,MED,Low reviews; No ads detected; High retainer potential ($3k+/mo),"PAIN: Texas Plastic Surgery has under 50 reviews — struggling to build trust online; is running zero paid ads — competitors are capturing all the paid traffic. | OPPORTUNITY: Med Spa in San Antonio with estimated retainer value of $5,000/mo. High competition niche where digital presence = phone calls. | PITCH: Lead with paid ads audit. Show them competitors running ads and estimate what they're spending. Offer to run a pilot campaign.",https://www.google.com/maps/search/Texas+Plastic+Surgery+San+Antonio+TX
"Alamo Plastic Surgery - Dr. William Albright, MD",,(210) 670-5302,hello@alamoplasticsurgery.com,https://www.alamoplasticsurgery.com,"San Antonio, TX 78258",TX,,55,Med Spa,"$5,000",0.0,10,Yes,MED,Low reviews; No ads detected; High retainer potential ($3k+/mo),"PAIN: Alamo Plastic Surgery - Dr. William Albright, MD has under 50 reviews — struggling to build trust online; is running zero paid ads — competitors are capturing all the paid traffic. | OPPORTUNITY: Med Spa in San Antonio with estimated retainer value of $5,000/mo. High competition niche where digital presence = phone calls. | PITCH: Lead with paid ads audit. Show them competitors running ads and estimate what they're spending. Offer to run a pilot campaign.",https://www.google.com/maps/search/Alamo+Plastic+Surgery+-+Dr.+William+Albright%2C+MD+San+Antonio+TX
Sonterra Dermatology,,(210) 496-5792,,https://www.dermatologysanantonio.com/?utm_source=google&utm_medium=localsearch&utm_campaign=gmb,"San Antonio, TX 78258",TX,,55,Medical,"$3,000",0.0,20,No,MED,Low reviews; No ads detected; High retainer potential ($3k+/mo),"PAIN: Sonterra Dermatology has under 50 reviews — struggling to build trust online; is running zero paid ads — competitors are capturing all the paid traffic. | OPPORTUNITY: Medical in San Antonio with estimated retainer value of $3,000/mo. High competition niche where digital presence = phone calls. | PITCH: Lead with paid ads audit. Show them competitors running ads and estimate what they're spending. Offer to run a pilot campaign.",https://www.google.com/maps/search/Sonterra+Dermatology+San+Antonio+TX
Stephens Roofing And Remodeling,,(210) 785-0994,%20inquiries@stephensroofing.net,https://www.stephensroofing.net,"San Antonio, TX 78216",TX,,55,Contractor,"$2,500",0.0,12,Yes,MED,Low reviews; No ads detected; Solid retainer potential ($2k+/mo),"PAIN: Stephens Roofing And Remodeling has under 50 reviews — struggling to build trust online; is running zero paid ads — competitors are capturing all the paid traffic. | OPPORTUNITY: Contractor in San Antonio with estimated retainer value of $2,500/mo. High competition niche where digital presence = phone calls. | PITCH: Lead with paid ads audit. Show them competitors running ads and estimate what they're spending. Offer to run a pilot campaign.",https://www.google.com/maps/search/Stephens+Roofing+And+Remodeling+San+Antonio+TX
"Tellez & Sons Painting, Inc.",,(210) 983-8822,,https://www.tellezpaintingsa.com,"San Antonio, TX 78221",TX,,55,Contractor,"$2,000",0.0,3,No,LOW,Almost no reviews; No ads detected; Solid retainer potential ($2k+/mo),"PAIN: Tellez & Sons Painting, Inc. has almost no online reviews — invisible to new customers; is running zero paid ads — competitors are capturing all the paid traffic. | OPPORTUNITY: Contractor in San Antonio with estimated retainer value of $2,000/mo. High competition niche where digital presence = phone calls. | PITCH: Lead with paid ads audit. Show them competitors running ads and estimate what they're spending. Offer to run a pilot campaign.",https://www.google.com/maps/search/Tellez+%26+Sons+Painting%2C+Inc.+San+Antonio+TX
mccain enterprise landscaping services,,(210) 863-7905,,http://www.mccainenterprise.net,"San Antonio, TX 78254",TX,,55,Landscaping,"$2,000",0.0,35,No,LOW,No tracking pixels; Low reviews; No ads detected; Solid retainer potential ($2k+/mo),"PAIN: mccain enterprise landscaping services has under 50 reviews — struggling to build trust online; is running zero paid ads — competitors are capturing all the paid traffic; has no Analytics or Meta Pixel — can't measure or retarget. | OPPORTUNITY: Landscaping in San Antonio with estimated retainer value of $2,000/mo. High competition niche where digital presence = phone calls. | PITCH: Lead with paid ads audit. Show them competitors running ads and estimate what they're spending. Offer to run a pilot campaign.",https://www.google.com/maps/search/mccain+enterprise+landscaping+services+San+Antonio+TX
Keith Zars Pools,,(210) 494-0800,info@keithzarspools.com,https://keithzarspools.com,"San Antonio, TX 78232",TX,,55,Pool,"$2,000",0.0,2,Yes,LOW,Almost no reviews; No ads detected; Solid retainer potential ($2k+/mo),"PAIN: Keith Zars Pools has almost no online reviews — invisible to new customers; is running zero paid ads — competitors are capturing all the paid traffic. | OPPORTUNITY: Pool in San Antonio with estimated retainer value of $2,000/mo. High competition niche where digital presence = phone calls. | PITCH: Lead with paid ads audit. Show them competitors running ads and estimate what they're spending. Offer to run a pilot campaign.",https://www.google.com/maps/search/Keith+Zars+Pools+San+Antonio+TX
Big Sur Pool Co.,,(210) 939-1897,info@bigsurpools.com,http://bigsurpools.com,"San Antonio, TX 78260",TX,,55,Pool,"$2,000",0.0,8,Yes,LOW,Almost no reviews; No ads detected; Solid retainer potential ($2k+/mo),"PAIN: Big Sur Pool Co. has almost no online reviews — invisible to new customers; is running zero paid ads — competitors are capturing all the paid traffic. | OPPORTUNITY: Pool in San Antonio with estimated retainer value of $2,000/mo. High competition niche where digital presence = phone calls. | PITCH: Lead with paid ads audit. Show them competitors running ads and estimate what they're spending. Offer to run a pilot campaign.",https://www.google.com/maps/search/Big+Sur+Pool+Co.+San+Antonio+TX
Select One Automotive & Collision,,(210) 253-9024,gilbert@selectonecollision.com,http://www.selectonecollision.com,"San Antonio, TX 78238",TX,,55,Auto Repair,"$1,500",0.0,12,Yes,MED,Low reviews; No ads detected; Standard retainer potential,"PAIN: Select One Automotive & Collision has under 50 reviews — struggling to build trust online; is running zero paid ads — competitors are capturing all the paid traffic. | OPPORTUNITY: Auto Repair in San Antonio with estimated retainer value of $1,500/mo. High competition niche where digital presence = phone calls. | PITCH: Lead with paid ads audit. Show them competitors running ads and estimate what they're spending. Offer to run a pilot campaign.",https://www.google.com/maps/search/Select+One+Automotive+%26+Collision+San+Antonio+TX
LA Fitness,,(210) 853-0627,,https://www.lafitness.com/Pages/clubhome.aspx?clubid=924,"San Antonio, TX 78216",TX,,55,Fitness,"$1,500",0.0,29,No,LOW,No tracking pixels; Low reviews; No ads detected; Standard retainer potential,"PAIN: LA Fitness has under 50 reviews — struggling to build trust online; is running zero paid ads — competitors are capturing all the paid traffic; has no Analytics or Meta Pixel — can't measure or retarget. | OPPORTUNITY: Fitness in San Antonio with estimated retainer value of $1,500/mo. High competition niche where digital presence = phone calls. | PITCH: Lead with paid ads audit. Show them competitors running ads and estimate what they're spending. Offer to run a pilot campaign.",https://www.google.com/maps/search/LA+Fitness+San+Antonio+TX
Jones N4 CrossFit,,(210) 997-1600,info@jonesn4crossfit.com,http://jonesn4crossfit.com,"San Antonio, TX 78247",TX,,55,Fitness,"$1,500",0.0,1,Yes,LOW,Almost no reviews; No ads detected; Standard retainer potential,"PAIN: Jones N4 CrossFit has almost no online reviews — invisible to new customers; is running zero paid ads — competitors are capturing all the paid traffic. | OPPORTUNITY: Fitness in San Antonio with estimated retainer value of $1,500/mo. High competition niche where digital presence = phone calls. | PITCH: Lead with paid ads audit. Show them competitors running ads and estimate what they're spending. Offer to run a pilot campaign.",https://www.google.com/maps/search/Jones+N4+CrossFit+San+Antonio+TX
"Pigtails & Crewcuts: Haircuts for Kids - San Antonio - Lincoln Heights, TX",,(210) 829-8885,tvona@pigtailsandcrewcuts.com,https://www.pigtailsandcrewcuts.com,"San Antonio, TX 78209",TX,,55,Salon,"$1,200",0.0,2,Yes,LOW,Almost no reviews; No ads detected; Standard retainer potential,"PAIN: Pigtails & Crewcuts: Haircuts for Kids - San Antonio - Lincoln Heights, TX has almost no online reviews — invisible to new customers; is running zero paid ads — competitors are capturing all the paid traffic. | OPPORTUNITY: Salon in San Antonio with estimated retainer value of $1,200/mo. High competition niche where digital presence = phone calls. | PITCH: Lead with paid ads audit. Show them competitors running ads and estimate what they're spending. Offer to run a pilot campaign.",https://www.google.com/maps/search/Pigtails+%26+Crewcuts%3A+Haircuts+for+Kids+-+San+Antonio+-+Lincoln+Heights%2C+TX+San+Antonio+TX
Matador Men's Grooming,,(210) 222-9858,management@matadorgrooming.com,http://matadorgrooming.com,"San Antonio, TX 78205",TX,,55,Salon,"$1,200",0.0,1,Yes,LOW,Almost no reviews; No ads detected; Standard retainer potential,"PAIN: Matador Men's Grooming has almost no online reviews — invisible to new customers; is running zero paid ads — competitors are capturing all the paid traffic. | OPPORTUNITY: Salon in San Antonio with estimated retainer value of $1,200/mo. High competition niche where digital presence = phone calls. | PITCH: Lead with paid ads audit. Show them competitors running ads and estimate what they're spending. Offer to run a pilot campaign.",https://www.google.com/maps/search/Matador+Men%27s+Grooming+San+Antonio+TX
New U- Men's Grooming Center,,(210) 764-0111,help@mapquest.com,https://www.mapquest.com/us/ma/texas-282911644,"San Antonio, TX 78249",TX,,55,Salon,"$1,000",0.0,13,Yes,LOW,No tracking pixels; Low reviews; No ads detected; Standard retainer potential,"PAIN: New U- Men's Grooming Center has under 50 reviews — struggling to build trust online; is running zero paid ads — competitors are capturing all the paid traffic; has no Analytics or Meta Pixel — can't measure or retarget. | OPPORTUNITY: Salon in San Antonio with estimated retainer value of $1,000/mo. High competition niche where digital presence = phone calls. | PITCH: Lead with paid ads audit. Show them competitors running ads and estimate what they're spending. Offer to run a pilot campaign.",https://www.google.com/maps/search/New+U-+Men%27s+Grooming+Center+San+Antonio+TX
Decorative Faux Finishes,,(210) 316-8427,,https://www.decorativefauxfinishes-sa.com,"San Antonio, TX 78216",TX,,53,Contractor,"$2,000",0.0,31,No,LOW,No contact form; Low reviews; No ads detected; Solid retainer potential ($2k+/mo),"PAIN: Decorative Faux Finishes has under 50 reviews — struggling to build trust online; is running zero paid ads — competitors are capturing all the paid traffic. | OPPORTUNITY: Contractor in San Antonio with estimated retainer value of $2,000/mo. High competition niche where digital presence = phone calls. | PITCH: Lead with paid ads audit. Show them competitors running ads and estimate what they're spending. Offer to run a pilot campaign.",https://www.google.com/maps/search/Decorative+Faux+Finishes+San+Antonio+TX
Maldonado Nursery & Landscaping,,(210) 599-1219,,http://www.mnlsa.com,"San Antonio, TX 78247",TX,,53,Landscaping,"$2,000",0.0,39,No,LOW,No contact form; Low reviews; No ads detected; Solid retainer potential ($2k+/mo),"PAIN: Maldonado Nursery & Landscaping has under 50 reviews — struggling to build trust online; is running zero paid ads — competitors are capturing all the paid traffic. | OPPORTUNITY: Landscaping in San Antonio with estimated retainer value of $2,000/mo. High competition niche where digital presence = phone calls. | PITCH: Lead with paid ads audit. Show them competitors running ads and estimate what they're spending. Offer to run a pilot campaign.",https://www.google.com/maps/search/Maldonado+Nursery+%26+Landscaping+San+Antonio+TX
South Texas Custom Pools,,(210) 236-1259,office@stxcustompools.com,https://www.stxcustompools.com,"San Antonio, TX 78259",TX,,53,Pool,"$2,000",0.0,12,Yes,LOW,No contact form; Low reviews; No ads detected; Solid retainer potential ($2k+/mo),"PAIN: South Texas Custom Pools has under 50 reviews — struggling to build trust online; is running zero paid ads — competitors are capturing all the paid traffic. | OPPORTUNITY: Pool in San Antonio with estimated retainer value of $2,000/mo. High competition niche where digital presence = phone calls. | PITCH: Lead with paid ads audit. Show them competitors running ads and estimate what they're spending. Offer to run a pilot campaign.",https://www.google.com/maps/search/South+Texas+Custom+Pools+San+Antonio+TX
CrossFit 925,,(903) 343-2024,ben_tyler@crossfit925.com,http://www.crossfit925.com,"San Antonio, TX 78260",TX,,50,Fitness,"$1,500",0.0,16,Yes,LOW,Low reviews; No ads detected; Standard retainer potential,"PAIN: CrossFit 925 has under 50 reviews — struggling to build trust online; is running zero paid ads — competitors are capturing all the paid traffic. | OPPORTUNITY: Fitness in San Antonio with estimated retainer value of $1,500/mo. High competition niche where digital presence = phone calls. | PITCH: Lead with paid ads audit. Show them competitors running ads and estimate what they're spending. Offer to run a pilot campaign.",https://www.google.com/maps/search/CrossFit+925+San+Antonio+TX
